dato,uxc2
2007-05-13,134.9
2007-05-20,134.9
2007-05-27,140.0
2007-06-03,137.0
2007-06-10,140.0
2007-06-17,140.0
2007-06-24,140.0
2007-07-01,140.0
2007-07-08,140.0
2007-07-15,130.0
2007-07-22,120.0
2007-07-29,120.0
2007-10-28,98.0
2007-11-04,110.0
2007-11-11,110.0
2007-11-18,100.0
2007-11-25,99.0
2007-12-02,93.0
2007-12-09,93.0
2007-12-16,88.0
2007-12-23,88.0
2007-12-30,88.0
2008-01-06,88.0
2008-01-13,88.0
2008-01-20,88.0
2008-01-27,80.0
2008-02-03,80.0
2008-02-10,80.0
2008-02-17,80.0
2008-02-24,75.0
2008-03-02,75.0
2008-03-09,75.0
2008-03-16,75.0
2008-03-23,75.0
2008-03-30,75.0
2008-04-06,75.0
2008-04-13,71.0
2008-04-20,68.0
2008-04-27,68.0
2008-05-04,64.0
2008-05-11,62.0
2008-05-18,62.0
2008-05-25,64.0
2008-06-01,63.0
2008-06-08,60.0
2008-06-15,62.0
2008-06-22,57.0
2008-06-29,57.0
2008-07-06,61.0
2008-07-13,66.0
2008-07-20,66.0
2008-07-27,67.0
2008-08-03,67.0
2008-08-10,67.0
2008-08-17,67.0
2008-08-24,65.0
2008-08-31,65.0
2008-09-07,61.0
2008-09-14,59.0
2008-09-21,55.0
2008-09-28,50.0
2008-10-05,50.0
2008-10-12,47.0
2008-10-19,45.0
2008-10-26,46.0
2008-11-02,47.0
2008-11-09,50.0
2008-11-16,53.0
2008-11-23,57.0
2008-11-30,57.0
2008-12-07,57.0
2008-12-14,56.0
2008-12-21,56.0
2008-12-28,57.0
2009-01-04,57.0
2009-01-11,57.0
2009-01-18,57.0
2009-01-25,57.0
2009-02-01,52.0
2009-02-08,48.0
2009-02-15,48.0
2009-02-22,52.0
2009-03-01,52.0
2009-03-08,50.0
2009-03-15,50.0
2009-03-22,50.0
2009-03-29,50.0
2009-04-05,44.0
2009-04-12,44.0
2009-04-19,44.0
2009-04-26,44.0
2009-05-03,44.0
2009-05-10,51.0
2009-05-17,51.0
2009-05-24,49.0
2009-05-31,50.0
2009-06-07,50.0
2009-06-14,53.0
2009-06-21,54.0
2009-06-28,53.0
2009-07-05,53.0
2009-07-12,50.0
2009-07-19,49.0
2009-07-26,47.5
2009-08-02,48.5
2009-08-09,48.0
2009-08-16,48.0
2009-08-23,47.0
2009-08-30,46.0
2009-09-06,45.0
2009-09-13,44.5
2009-09-20,42.0
2009-09-27,42.0
2009-10-04,42.75
2009-10-11,46.5
2009-10-18,50.0
2009-10-25,46.0
2009-11-01,46.0
2009-11-08,44.0
2009-11-15,42.75
2009-11-22,44.0
2009-11-29,45.0
2009-12-06,44.5
2009-12-13,44.5
2009-12-20,44.35
2009-12-27,44.5
2010-01-03,44.5
2010-01-10,43.25
2010-01-17,42.5
2010-01-24,41.25
2010-01-31,42.5
2010-02-07,42.0
2010-02-14,41.25
2010-02-21,41.0
2010-02-28,40.25
2010-03-07,41.0
2010-03-14,41.5
2010-03-21,42.5
2010-03-28,41.5
2010-04-04,41.5
2010-04-11,41.25
2010-04-18,41.25
2010-04-25,41.75
2010-05-02,41.5
2010-05-09,41.5
2010-05-16,40.75
2010-05-23,40.5
2010-05-30,41.0
2010-06-06,40.75
2010-06-13,40.75
2010-06-20,40.75
2010-06-27,41.75
2010-07-04,41.75
2010-07-11,41.5
2010-07-18,42.0
2010-07-25,45.5
2010-08-01,45.5
2010-08-08,46.25
2010-08-15,46.0
2010-08-22,44.0
2010-08-29,47.0
2010-09-05,48.0
2010-09-12,47.5
2010-09-19,46.5
2010-09-26,46.5
2010-10-03,48.25
2010-10-10,48.25
2010-10-17,51.5
2010-10-24,52.0
2010-10-31,56.0
2010-11-07,58.5
2010-11-14,59.5
2010-11-21,60.0
2010-11-28,61.0
2010-12-05,61.25
2010-12-12,62.0
2010-12-19,62.5
2010-12-26,62.1
2011-01-02,65.75
2011-01-09,67.0
2011-01-16,69.0
2011-01-23,69.25
2011-01-30,73.0
2011-02-06,73.0
2011-02-13,68.5
2011-02-20,67.5
2011-02-27,67.0
2011-03-06,67.5
2011-03-13,55.5
2011-03-20,61.0
2011-03-27,59.0
2011-04-03,59.0
2011-04-10,58.0
2011-04-17,56.25
2011-04-24,55.25
2011-05-01,56.5
2011-05-08,58.0
2011-05-15,57.5
2011-05-22,57.5
2011-05-29,57.0
2011-06-05,55.5
2011-06-12,55.0
2011-06-19,54.75
2011-06-26,51.65
2011-07-03,53.65
2011-07-10,53.65
2011-07-17,52.15
2011-07-24,51.85
2011-07-31,51.65
2011-08-07,50.65
2011-08-14,50.15
2011-08-21,49.15
2011-08-28,50.45
2011-09-04,52.45
2011-09-11,52.45
2011-09-18,53.0
2011-09-25,52.05
2011-10-02,52.5
2011-10-09,53.25
2011-10-16,52.25
2011-10-23,52.0
2011-10-30,52.0
2011-11-06,52.75
2011-11-13,53.5
2011-11-20,52.5
2011-11-27,52.0
2011-12-04,52.75
2011-12-11,52.5
2011-12-18,52.25
2011-12-25,52.25
2012-01-01,52.25
2012-01-08,53.0
2012-01-15,52.75
2012-01-22,52.25
2012-01-29,52.15
2012-02-05,52.15
2012-02-12,52.15
2012-02-19,52.15
2012-02-26,52.05
2012-03-04,50.75
2012-03-11,50.85
2012-03-18,51.15
2012-03-25,50.75
2012-04-01,50.75
2012-04-08,51.4
2012-04-15,51.1
2012-04-22,51.75
2012-04-29,51.6
2012-05-06,51.0
2012-05-13,51.85
2012-05-20,51.5
2012-05-27,51.0
2012-06-03,50.9
2012-06-10,50.75
2012-06-17,50.65
2012-06-24,50.75
2012-07-01,50.75
2012-07-08,50.15
2012-07-15,49.9
2012-07-22,49.5
2012-07-29,49.5
2012-08-05,49.0
2012-08-12,49.0
2012-08-19,49.0
2012-08-26,48.0
2012-09-02,48.0
2012-09-09,48.0
2012-09-16,46.4
2012-09-23,45.65
2012-09-30,45.75
2012-10-07,44.0
2012-10-14,44.0
2012-10-21,43.0
2012-10-28,41.0
2012-11-04,41.25
2012-11-11,41.25
2012-11-18,41.75
2012-11-25,42.25
2012-12-02,42.5
2012-12-09,45.5
2012-12-16,43.4
2012-12-23,43.15
2012-12-30,43.0
2013-01-06,42.0
2013-01-13,42.0
2013-01-20,43.75
2013-01-27,43.9
2013-02-03,43.4
2013-02-10,43.15
2013-02-17,41.75
2013-02-24,42.0
2013-03-03,42.4
2013-03-10,42.25
2013-03-17,42.25
2013-03-24,42.4
2013-03-31,42.15
2013-04-07,40.75
2013-04-14,40.15
2013-04-21,40.5
2013-04-28,40.5
2013-05-05,40.5
2013-05-12,40.75
2013-05-19,40.4
2013-05-26,40.5
2013-06-02,39.9
2013-06-09,40.0
2013-06-16,39.75
2013-06-23,39.75
2013-06-30,39.4
2013-07-07,39.25
2013-07-14,36.5
2013-07-21,34.5
2013-07-28,35.75
2013-08-04,35.9
2013-08-11,35.15
2013-08-18,34.9
2013-08-25,34.0
2013-09-01,34.1
2013-09-08,34.15
2013-09-15,35.15
2013-09-22,35.25
2013-09-29,35.1
2013-10-06,35.1
2013-10-13,35.2
2013-10-20,34.95
2013-10-27,34.45
2013-11-03,35.15
2013-11-10,36.25
2013-11-17,36.45
2013-11-24,36.25
2013-12-01,34.75
2013-12-08,34.65
2013-12-15,34.5
2013-12-22,34.4
2013-12-29,34.6
2014-01-05,35.2
2014-01-12,36.15
2014-01-19,35.75
2014-01-26,35.8
2014-02-02,35.75
2014-02-09,35.7
2014-02-16,35.7
2014-02-23,35.45
2014-03-02,35.0
2014-03-09,34.8
2014-03-16,34.75
2014-03-23,34.3
2014-03-30,33.95
2014-04-06,33.25
2014-04-13,32.5
2014-04-20,31.0
2014-04-27,30.05
2014-05-04,29.05
2014-05-11,28.25
2014-05-18,28.3
2014-05-25,28.25
2014-06-01,28.65
2014-06-08,28.3
2014-06-15,28.25
2014-06-22,28.25
2014-06-29,28.3
2014-07-06,28.4
2014-07-13,28.5
2014-07-20,28.6
2014-07-27,28.75
2014-08-03,30.0
2014-08-10,31.0
2014-08-17,31.65
2014-08-24,32.75
2014-08-31,32.75
2014-09-07,33.4
2014-09-14,36.65
2014-09-21,35.5
2014-09-28,35.75
2014-10-05,35.5
2014-10-12,35.75
2014-10-19,36.05
2014-10-26,36.5
2014-11-02,41.0
2014-11-09,43.5
2014-11-16,38.25
2014-11-23,40.25
2014-11-30,38.2
2014-12-07,37.25
2014-12-14,36.75
2014-12-21,36.45
2014-12-28,35.25
2015-01-04,35.4
2015-01-11,36.5
2015-01-18,37.0
2015-01-25,37.25
2015-02-01,38.2
2015-02-08,38.0
2015-02-15,38.5
2015-02-22,38.75
2015-03-01,39.65
2015-03-08,39.25
2015-03-15,39.25
2015-03-22,39.5
2015-03-29,39.45
2015-04-05,39.25
2015-04-12,38.9
2015-04-19,38.6
2015-04-26,35.7
2015-05-03,36.45
2015-05-10,35.75
2015-05-17,35.25
2015-05-24,35.1
2015-05-31,35.9
2015-06-07,36.25
2015-06-14,36.75
2015-06-21,36.75
2015-06-28,36.4
2015-07-05,36.3
2015-07-12,36.4
2015-07-19,36.2
2015-07-26,35.3
2015-08-02,35.25
2015-08-09,36.4
2015-08-16,36.55
2015-08-23,36.9
2015-08-30,37.25
2015-09-06,37.3
2015-09-13,37.3
2015-09-20,37.0
2015-09-27,36.8
2015-10-04,37.5
2015-10-11,37.75
2015-10-18,36.75
2015-10-25,35.4
2015-11-01,36.0
2015-11-08,36.0
2015-11-15,36.1
2015-11-22,36.1
2015-11-29,36.1
2015-12-06,36.15
2015-12-13,34.15
2015-12-20,34.3
2015-12-27,34.45
2016-01-03,34.65
2016-01-10,34.8
2016-01-17,34.75
2016-01-24,34.7
2016-01-31,34.4
2016-02-07,34.15
2016-02-14,33.5
2016-02-21,32.0
2016-02-28,31.4
2016-03-06,28.7
2016-03-13,29.75
2016-03-20,29.5
2016-03-27,27.9
2016-04-03,28.5
2016-04-10,26.0
2016-04-17,28.0
2016-04-24,27.65
2016-05-01,27.6
2016-05-08,28.05
2016-05-15,28.65
2016-05-22,27.25
2016-05-29,28.3
2016-06-05,28.25
2016-06-12,26.0
2016-06-19,27.25
2016-06-26,26.5
2016-07-03,26.5
2016-07-10,25.9
2016-07-17,25.5
2016-07-24,26.0
2016-07-31,26.25
2016-08-07,26.0
2016-08-14,25.75
2016-08-21,25.95
2016-08-28,25.65
2016-09-04,25.4
2016-09-11,25.25
2016-09-18,24.4
2016-09-25,22.4
2016-10-02,22.75
2016-10-09,21.9
2016-10-16,20.0
2016-10-23,19.65
2016-10-30,18.75
2016-11-06,18.45
2016-11-13,18.5
2016-11-20,18.5
2016-11-27,18.0
2016-12-04,18.4
2016-12-11,20.4
2016-12-18,20.4
2016-12-25,20.4
2017-01-01,21.9
2017-01-08,23.0
2017-01-15,22.9
2017-01-22,23.5
2017-01-29,25.75
2017-02-05,26.75
2017-02-12,25.0
2017-02-19,22.75
2017-02-26,25.5
2017-03-05,24.5
2017-03-12,25.4
2017-03-19,24.65
2017-03-26,23.25
2017-04-02,23.5
2017-04-09,23.5
2017-04-16,22.9
2017-04-23,22.75
2017-04-30,22.75
2017-05-07,22.65
2017-05-14,21.75
2017-05-21,19.5
2017-05-28,19.5
2017-06-04,19.65
2017-06-11,20.0
2017-06-18,20.15
2017-06-25,20.5
2017-07-02,20.25
2017-07-09,20.75
2017-07-16,20.55
2017-07-23,20.5
2017-07-30,20.4
2017-08-06,20.8
2017-08-13,20.85
2017-08-20,20.15
2017-08-27,20.25
2017-09-03,20.75
2017-09-10,20.6
2017-09-17,19.75
2017-09-24,20.25
2017-10-01,20.45
2017-10-08,20.45
2017-10-15,20.15
2017-10-22,19.95
2017-10-29,20.3
2017-11-05,22.9
2017-11-12,25.0
2017-11-19,23.5
2017-11-26,23.0
2017-12-03,25.0
2017-12-10,24.4
2017-12-17,24.0
2017-12-24,23.9
2017-12-31,24.0
2018-01-07,23.75
2018-01-14,23.4
2018-01-21,22.5
2018-01-28,22.15
2018-02-04,21.5
2018-02-11,21.75
2018-02-18,22.0
2018-02-25,22.0
2018-03-04,21.75
2018-03-11,22.05
2018-03-18,21.75
2018-03-25,21.0
2018-04-01,21.0
2018-04-08,20.65
2018-04-15,20.5
2018-04-22,20.75
2018-04-29,21.3
2018-05-06,21.5
2018-05-13,22.4
2018-05-20,22.75
2018-05-27,23.0
2018-06-03,23.5
2018-06-10,23.15
2018-06-17,22.75
2018-06-24,22.7
2018-07-01,22.85
2018-07-08,23.25
2018-07-15,23.75
2018-07-22,25.65
2018-07-29,25.95
2018-08-05,26.1
2018-08-12,26.25
2018-08-19,26.3
2018-08-26,26.45
2018-09-02,26.7
2018-09-09,27.2
2018-09-16,27.5
2018-09-23,27.5
2018-09-30,27.5
2018-10-07,27.5
2018-10-14,27.65
2018-10-21,27.85
2018-10-28,28.55
2018-11-04,29.05
2018-11-11,29.15
2018-11-18,29.0
2018-11-25,29.0
2018-12-02,29.0
2018-12-09,28.75
2018-12-16,28.65
2018-12-23,28.75
2018-12-30,28.85
2019-01-06,28.9
2019-01-13,28.9
2019-01-20,29.05
2019-01-27,29.0
2019-02-03,28.85
2019-02-10,28.75
2019-02-17,28.65
2019-02-24,28.0
2019-03-03,28.0
2019-03-10,27.35
2019-03-17,26.0
2019-03-24,25.0
2019-03-31,25.75
2019-04-07,25.85
2019-04-14,25.9
2019-04-21,25.2
2019-04-28,25.1
2019-05-05,24.75
2019-05-12,24.65
2019-05-19,24.25
2019-05-26,24.0
2019-06-02,24.7
2019-06-09,24.55
2019-06-16,24.7
2019-06-23,24.65
2019-06-30,24.55
2019-07-07,24.95
2019-07-14,25.3
2019-07-21,25.6
2019-07-28,25.4
2019-08-04,25.35
2019-08-11,25.2
2019-08-18,25.3
2019-08-25,25.3
2019-09-01,25.25
2019-09-08,24.95
2019-09-15,25.75
2019-09-22,25.65
2019-09-29,25.35
2019-10-06,24.95
2019-10-13,24.9
2019-10-20,24.2
2019-10-27,24.1
2019-11-03,24.7
2019-11-10,25.0
2019-11-17,26.0
2019-11-24,26.15
2019-12-01,25.95
2019-12-08,25.7
2019-12-15,25.25
2019-12-22,25.05
2019-12-29,25.05
2020-01-05,24.6
2020-01-12,24.6
2020-01-19,24.45
2020-01-26,24.8
2020-02-02,24.85
2020-02-09,24.55
2020-02-16,24.55
2020-02-23,24.9
2020-03-01,24.35
2020-03-08,23.95
2020-03-15,24.0
2020-03-22,26.7
2020-03-29,27.75
2020-04-05,29.55
2020-04-12,31.65
2020-04-19,32.1
2020-04-26,34.15
2020-05-03,33.9
2020-05-10,33.55
2020-05-17,34.1
2020-05-24,34.05
2020-05-31,33.1
2020-06-07,33.05
2020-06-14,32.85
2020-06-21,32.85
2020-06-28,32.65
2020-07-05,32.8
2020-07-12,32.5
2020-07-19,31.65
2020-07-26,31.9
2020-08-02,31.4
2020-08-09,31.6
2020-08-16,30.8
2020-08-23,30.6
2020-08-30,30.95
2020-09-27,29.85
2020-10-04,29.8
2020-10-25,29.4
2020-11-01,29.85
2020-11-08,29.15
2020-11-15,28.75
2020-11-22,29.2
2020-11-29,30.15
2020-12-06,29.75
2020-12-13,30.1
2020-12-20,30.35
2020-12-27,30.7
2021-01-03,30.6
2021-01-10,30.45
2021-01-17,30.35
2021-01-24,30.1
2021-01-31,29.85
2021-02-07,29.85
2021-02-14,29.2
2021-02-21,28.45
2021-02-28,27.75
2021-03-07,27.7
2021-03-14,29.9
2021-03-21,30.5
2021-03-28,31.3
2021-04-04,30.7
2021-04-11,29.65
2021-04-18,28.85
2021-04-25,29.35
2021-05-02,30.7
2021-05-09,31.1
2021-05-16,31.25
2021-05-23,31.5
2021-05-30,31.75
2021-06-06,32.7
2021-06-13,32.4
2021-06-20,32.4
2021-06-27,32.8
2021-07-04,32.6
2021-07-11,32.5
2021-07-18,32.55
2021-07-25,32.4
2021-08-01,32.1
2021-08-08,30.65
2021-08-15,32.55
2021-08-22,33.6
2021-08-29,33.7
2021-09-05,42.4
2021-09-12,50.8
2021-09-19,44.3
2021-09-26,43.05
2022-01-23,44.85
2022-01-30,43.95
2022-02-06,43.95
2022-02-13,44.05
2022-02-20,46.65
2022-02-27,51.25
2022-03-06,60.0
2022-03-13,57.25
2022-03-20,59.05
2022-03-27,59.3
2022-04-03,64.25
2022-04-10,64.5
2022-04-17,56.6
2022-04-24,53.1
2022-05-01,55.35
2022-05-08,54.15
2022-05-29,50.7
2022-06-05,52.4
2022-06-12,47.85
2022-06-19,48.45
2022-06-26,51.25
2022-07-03,48.5
2022-07-10,46.65
2022-07-17,46.95
2022-07-24,49.65
2022-07-31,48.85
2022-08-07,48.85
2022-08-14,49.2
2022-08-21,49.4
2022-08-28,52.55
2022-09-04,52.75
2022-09-11,48.9
2022-09-18,49.85
2022-09-25,49.0
2022-10-02,48.6
2022-10-09,50.6
2022-10-16,53.05
2022-10-23,53.05
2022-10-30,50.6
2022-11-06,50.75
2022-11-13,50.7
2022-11-20,50.35
2022-11-27,49.2
2022-12-04,48.7
2022-12-11,48.15
2022-12-18,48.1
2022-12-25,49.0
2023-01-01,49.0
2023-01-08,50.5
2023-01-15,48.9
2023-01-22,50.7
2023-01-29,51.25
2023-02-05,50.55
2023-02-12,51.8
2023-02-19,51.7
2023-02-26,51.05
2023-10-01,69.8
2023-10-08,69.65
2023-10-15,72.5
2023-10-22,74.4
2023-10-29,74.35
2023-11-05,73.35
2023-11-12,78.0
2023-11-19,80.75
2023-11-26,81.75
2023-12-03,82.7
2023-12-10,86.85
2023-12-17,91.55
2023-12-24,91.6
2023-12-31,92.45
2024-01-07,102.75
2024-01-14,106.0
2024-01-21,100.2
2024-01-28,106.3
2024-02-04,100.75
2024-02-11,101.8
2024-02-18,96.5
2024-02-25,94.2
2024-03-03,91.3
2024-03-10,85.5
2024-03-17,89.3
2024-03-24,88.45
2024-03-31,89.4
2024-04-07,89.65
2024-04-14,89.3
2024-04-21,87.35
2024-04-28,92.4
2024-05-05,92.25
2024-05-12,90.95
2024-05-19,91.65
2024-05-26,88.6
2024-06-02,87.4
2024-06-09,86.65
2024-06-16,84.5
2024-06-23,85.75
2024-06-30,85.65
2024-07-07,86.15
2024-07-14,84.35
2024-07-21,82.45
2024-07-28,82.6
2024-08-04,81.55
2024-08-11,81.2
2024-08-18,82.4
2024-08-25,79.25
2024-09-01,79.95
2024-09-08,79.65
2024-09-15,79.45
2024-09-22,82.0
2024-09-29,82.5
2024-10-06,83.2
2024-10-13,83.15
2024-10-20,81.05
2024-10-27,78.75
2024-11-03,76.55
2024-11-10,81.85
2024-11-17,77.8
2024-11-24,77.5
2024-12-01,77.1
2024-12-08,76.6
2024-12-15,73.3
2024-12-22,70.35
2024-12-29,75.0
2025-01-05,73.55
2025-01-12,73.95
2025-01-19,71.8
2025-01-26,71.35
2025-02-02,69.65
2025-02-09,66.45
2025-02-16,64.7
2025-02-23,65.55
2025-03-02,63.65
2025-03-09,63.8
2025-03-16,65.05
2025-03-23,64.35
2025-03-30,64.9
2025-04-06,64.4
2025-04-13,65.05
2025-04-20,66.7
2025-04-27,69.8
2025-05-04,70.25
2025-05-11,71.6
2025-05-18,71.55
2025-05-25,71.85
2025-06-01,70.5
2025-06-08,69.75
2025-06-15,75.9
2025-06-22,79.05
2025-06-29,77.4
2025-07-06,71.75
2025-07-13,71.0
2025-07-20,71.65
2025-07-27,71.45
2025-08-03,71.95
2025-08-10,73.0
2025-08-17,74.05
2025-08-24,76.65
2025-08-31,76.2
2025-09-07,75.7
2025-09-14,76.9
2025-09-21,82.5
2025-09-28,81.0
2025-10-05,78.9
2025-10-12,78.0
2025-10-19,76.9
2025-10-26,82.4
2025-11-02,77.45
2025-11-09,77.2
2025-11-16,75.85
2025-11-23,76.45
2025-11-30,76.55
2025-12-07,77.9
2025-12-14,80.25
2025-12-21,81.4
2025-12-28,81.65
2026-01-04,82.75
2026-01-11,85.25
2026-01-18,88.4
2026-01-25,99.25
2026-02-01,85.25
2026-02-08,89.5
2026-02-15,89.4
2026-02-22,86.55
2026-03-01,85.95
2026-03-08,85.65
2026-03-15,84.4
2026-03-22,84.05
2026-03-29,85.15
2026-04-05,85.8
2026-04-12,86.65
2026-04-19,86.8
2026-04-26,86.55
2026-05-03,86.2
2026-05-10,85.95
2026-05-17,84.7
2026-05-24,85.05
2026-05-31,85.7
2026-06-07,85.35
2026-06-14,86.1
2026-06-21,85.25
2026-06-28,85.7
2026-07-05,85.75
2026-07-12,85.7
2026-07-19,86.05
2026-07-26,86.6
2026-08-02,86.5
2026-08-09,87.45
2026-08-16,88.85
2026-08-23,89.85
2026-08-30,89.5
2026-09-06,90.15
2026-09-13,89.7
2026-09-20,89.7
