seg,inngang,B2,u12,u24,D_pap,D_fond
uran,2019,100.0,-0.03584310538609525,0.15722483670609355,52.83741007194245,
uran,2020,100.0,0.231064952115132,2.5371636716981136,50.30614362806144,
uran,2021,100.0,0.5982844265717828,0.6797654159985838,2.4258308488532134,
uran,2022,100.0,-0.13738795335288712,0.4022166299789818,19.570993450227196,
uran,2023,100.0,0.49317282209988855,-0.11622246231622957,29.321981685995947,
uran,2024,100.0,-0.2478177209071818,1.2316408270085917,7.627703341211709,
uran,2025,93.3,1.4136473739648618,,46.216950946664426,
uran,2026,73.0,,,2.506377271467103,
kobber,2010,4.9,0.17099838244706156,-0.09220536667713808,59.70149253731343,
kobber,2011,2.1,-0.20788636347013456,-0.5266712490639843,10.769101089955882,
kobber,2012,0.0,-0.3931639087327261,-0.3473492425843028,58.28338328338328,
kobber,2013,0.0,0.13987309411568716,-0.4616608725907112,68.51279788172992,
kobber,2014,0.0,-0.47390946558715363,-0.6132232610287469,20.63492063492064,
kobber,2015,0.0,-0.27747194967696565,-0.38877783745326544,56.00000000000001,
kobber,2016,0.0,0.14889639960220258,0.6774855200167562,91.71717171717171,83.60655737704919
kobber,2017,0.0,0.2296485931474468,-0.04565161326496958,81.31818181818181,38.35616438356164
kobber,2018,0.0,-0.2145762912704836,-0.5274277751611626,60.151515151515156,1.4069542998818816
kobber,2019,0.0,-0.17363631166957905,0.5092293707976507,24.47552447552448,7.846426983048935
kobber,2020,2.1,1.9221726484652706,1.889973973066314,66.07892107892107,80.66634476098503
kobber,2021,21.2,0.1362584741927415,-0.1079892362518946,0.0,0.0
kobber,2022,24.5,-0.2314681883220856,-0.07156168580611966,24.34945482441773,19.69557222070961
kobber,2023,10.8,0.2817149282689295,-0.2525920670672357,48.95373169030458,15.459234921436632
kobber,2024,0.0,-0.258997140093445,0.10737435789260275,1.7550023941493786,0.0
kobber,2025,0.0,0.520567802577141,,16.35829653014554,11.54745333878368
kobber,2026,0.0,,,16.624288948687443,9.134107111493334
aluminium,2012,88.6,-0.23922017813067964,0.17622062516539017,95.85622710622711,
aluminium,2013,88.5,0.5339854393111576,0.2183075746980756,77.86259541984732,85.91549295774648
aluminium,2014,75.0,-0.18746244319775207,-0.37069689027927744,67.1925566343042,19.879518072289155
aluminium,2015,83.1,-0.1003280176003587,0.12559448270102247,78.29984135378106,44.73684210526316
aluminium,2016,84.3,0.31870523173279497,0.6583170476626088,76.10914534567229,41.58878504672897
aluminium,2017,84.3,0.13788577671699143,-0.513591891019986,64.3341307814992,57.78049831926217
aluminium,2018,87.0,-0.5590125589380428,-0.7499202290665671,57.221128608923884,27.89648320044564
aluminium,2019,100.0,-0.4265834768281974,0.47758095765214104,80.35714285714286,61.08745443445584
aluminium,2020,100.0,1.8106893370529962,2.497613614825346,82.39045127534337,77.38732555479295
aluminium,2021,100.0,0.3023070956123397,-0.032035562391259376,56.94911103343139,0.0
aluminium,2022,100.0,-0.2753606014230694,-0.2273005355396387,59.127805371596764,12.658860513342171
aluminium,2023,92.9,0.018124282180437268,-0.3235504137105707,75.36942675159236,27.4137158842508
aluminium,2024,85.5,-0.27185685803912574,0.47489226905471016,53.08223218499292,1.7587562430706254
aluminium,2025,75.3,0.9815270102704075,,43.77419826137775,23.729007629975168
aluminium,2026,63.0,,,0.0,0.0806748413743372
kull,2011,21.2,-0.1179503001526766,-0.062082272398802374,0.0,
kull,2012,2.1,-0.06148419916536568,0.01643752384183117,22.687308462165042,
kull,2013,0.0,0.06469326909984974,-0.2662686104217462,0.0,
kull,2014,2.0,-0.27464742216300153,-0.6327728554995593,0.0,
kull,2015,22.8,-0.4671982012044351,-0.2935274685201332,44.18430807708626,
kull,2016,49.6,0.5371036184204602,0.6455052548720708,98.1058201058201,
kull,2017,88.9,-0.008418448403363588,-0.2122712628850662,91.7790725516801,
kull,2018,100.0,-0.21602540872353648,-0.7151487256441684,46.39465333135531,
kull,2019,100.0,-0.7108210306910238,-1.0554001819157424,75.6563604904837,
kull,2020,100.0,-0.05451983662929005,3.5492340800172406,70.58754156195548,
kull,2021,100.0,2.549291100045582,3.4819155257718695,48.89614995743424,
kull,2022,100.0,0.03431462567247667,-0.21928335117090236,0.0,
kull,2023,91.9,0.029267262738825073,-0.5629912216452435,34.42622950819673,
kull,2024,76.1,-0.4968137692929866,-0.225486229272166,1.5899776756588966,
kull,2025,60.4,0.6858676134068498,,32.35294117647059,
kull,2026,48.6,,,1.9881726288578256,
gull,2011,0.0,,,,
gull,2012,0.0,-0.48439177789853005,-0.8102444802336658,,70.55592408813148
gull,2013,0.0,-0.38230463877780774,-0.5419895063553574,,97.22222222222221
gull,2014,20.1,-0.17126392686123426,0.07932763721168223,,47.023809523809526
gull,2015,38.9,0.2452839437188271,0.08577293082916804,,47.39583333333333
gull,2016,42.6,-0.1664729606852965,-0.3396636803572254,,35.18518518518518
gull,2017,44.9,-0.15085305303107027,-0.23387431627362798,,84.11163522012579
gull,2018,48.4,-0.08879268263302265,0.5756316020761051,9.677419354838712,61.88026886560641
gull,2019,58.5,0.6642339580085156,0.45819877761552896,6.0298852939388325,73.57371794871794
gull,2020,64.3,-0.31941052817028637,-0.44041154900364154,0.0,0.0
gull,2021,78.3,-0.1126014637275109,-0.14846426954715153,1.189073746637897,40.98682997135234
gull,2022,82.9,-0.03966408090140183,-0.07447790419309674,28.645629133369113,30.324910861861333
gull,2023,74.2,-0.028443801761144583,0.33816812455928935,38.18347724221894,32.507050933717274
gull,2024,62.0,0.3259742552973419,1.14036366712352,10.438382407135732,29.321062090075337
gull,2025,47.3,0.4825984251191153,,0.0,0.0
gull,2026,32.0,,,30.607912692569347,39.15056873297645
jernmalm,2015,0.0,0.13512617241323,0.28083898296767873,97.63313724032392,
jernmalm,2016,0.0,0.41634255723207225,1.2715541629767884,68.81373066104078,
jernmalm,2017,0.0,0.29784461593682465,0.8959330037347224,60.34394527041586,
jernmalm,2018,0.0,0.4462301058606595,0.02675716698426711,11.994831511094775,
jernmalm,2019,9.9,-0.26213289000140827,0.4460053002945017,16.405802612643395,
jernmalm,2020,42.8,1.2183297977027188,1.2300687736168396,77.14713603592907,
jernmalm,2021,29.7,0.040374300985757894,-0.08417521064141154,0.0,
jernmalm,2022,10.4,-0.13020819444806198,-0.2471303667343987,25.513292785019498,
jernmalm,2023,0.0,-0.10574672006583263,-0.5307712767161461,38.50635028939645,
jernmalm,2024,0.0,-0.2882586479576015,-0.4119524856174419,48.56169619258669,
jernmalm,2025,0.0,-0.07872061045882606,,34.3984962406015,
jernmalm,2026,0.0,,,18.532299668818528,
rigg_land,2010,0.0,0.7532271680527751,0.08085556471204458,66.88718883017457,39.8989898989899
rigg_land,2011,0.0,-0.32351153712948477,-0.3869729494486104,10.3239899286215,20.839396694906103
rigg_land,2012,0.0,0.1730954209088429,0.7365348641852529,57.8125,36.99186991869918
rigg_land,2013,0.0,0.4899029920145759,-0.145509703952299,28.947368421052634,30.74074074074074
rigg_land,2014,0.0,-0.4456078898793512,-0.3836934428090677,0.0,0.3694272727721821
rigg_land,2015,0.0,-0.03782877214085545,-0.2436705340213029,39.63963963963964,75.72543916720885
rigg_land,2016,0.0,-0.31062268659234527,-0.28058911756527727,80.73979591836735,90.90959883785898
rigg_land,2017,10.2,-0.1494800172415155,-0.5727951485312153,75.03327546296296,92.0538687877906
rigg_land,2018,38.3,-0.36360542983157174,-0.8212870380654071,77.28644013972689,89.72375690607734
rigg_land,2019,55.0,-0.6667257848257389,-0.8681333330763359,93.18027210884354,99.25784085504742
rigg_land,2020,82.2,0.3965390678044498,3.199018440736483,98.38194036667318,97.83606192226306
rigg_land,2021,100.0,1.5164617789434474,0.7322833302647436,95.38414447505357,95.87348135735232
rigg_land,2022,100.0,-0.3355208491852849,-0.285460743947741,59.96145338555983,80.30172336334394
rigg_land,2023,100.0,-0.10321022102321109,-0.7744199860546637,76.50834403080873,75.805060613457
rigg_land,2024,100.0,-0.5804438526325234,-0.2403336578178814,74.26055167829844,13.745720235037139
rigg_land,2025,97.8,0.9398600440304636,,88.70622205663189,62.80719550956922
rigg_land,2026,81.7,,,54.637115558538085,0.0
rigg_grunt,2010,0.0,,,,39.8989898989899
rigg_grunt,2011,0.0,,,,20.839396694906103
rigg_grunt,2012,0.0,,,,36.99186991869918
rigg_grunt,2013,0.0,,,,30.74074074074074
rigg_grunt,2014,0.0,,,,0.3694272727721821
rigg_grunt,2015,0.0,,,,75.72543916720885
rigg_grunt,2016,0.0,,,,90.90959883785898
rigg_grunt,2017,0.0,,,,92.0538687877906
rigg_grunt,2018,14.4,,,,89.72375690607734
rigg_grunt,2019,68.3,,,,99.25784085504742
rigg_grunt,2020,89.6,-0.18811836983623142,1.0938770207787338,,97.83606192226306
rigg_grunt,2021,100.0,0.9938613161658008,2.5087899095020596,,95.87348135735232
rigg_grunt,2022,100.0,0.7692262181428635,0.25228150388736137,,80.30172336334394
rigg_grunt,2023,100.0,-0.3606431091765998,-1.043734663025153,,75.805060613457
rigg_grunt,2024,100.0,-0.7904007963911981,-0.304983013078286,,13.745720235037139
rigg_grunt,2025,99.5,2.229714577946218,,87.5,62.80719550956922
rigg_grunt,2026,80.3,,,36.197050002444094,0.0
rigg_dyp,2010,0.0,-0.1838229278055481,-0.3802788549533743,67.61177434456928,39.8989898989899
rigg_dyp,2011,0.0,-0.20591839504485576,-0.32702343969465697,71.11197110423117,20.839396694906103
rigg_dyp,2012,0.0,-0.12389439602257579,-0.4232561283100883,85.65273193986066,36.99186991869918
rigg_dyp,2013,0.0,-0.2747569474308693,-0.8108858104917606,93.61165764879487,30.74074074074074
rigg_dyp,2014,0.0,-0.5888215808289543,-0.7213952798482108,77.90376106194691,0.3694272727721821
rigg_dyp,2015,0.0,-0.3428860911392543,-0.49370396383782045,98.59943977591037,75.72543916720885
rigg_dyp,2016,0.0,-0.16157075548276034,-0.20598257646455398,98.07424242424241,90.90959883785898
rigg_dyp,2017,0.0,-0.021419058751371622,-0.49701847951956,94.05769443522513,92.0538687877906
rigg_dyp,2018,0.0,-0.4229644978753978,-0.8954423655397652,91.03938564476886,89.72375690607734
rigg_dyp,2019,5.0,-0.7809749878161114,-0.9748188156291229,93.8041958041958,99.25784085504742
rigg_dyp,2020,77.3,1.048734248815106,1.5569524755425093,93.63921872311134,97.83606192226306
rigg_dyp,2021,100.0,0.22656324948054407,0.8660881286316646,85.77658303464756,95.87348135735232
rigg_dyp,2022,100.0,0.5425095090082739,0.18719183781898918,79.37370600414079,80.30172336334394
rigg_dyp,2023,100.0,-0.2851937187891641,-0.9497885801277639,67.2387982655379,75.805060613457
rigg_dyp,2024,100.0,-0.7123586033930951,-0.16883187312732395,56.19460500963391,13.745720235037139
rigg_dyp,2025,100.0,1.8850809073111643,,77.72121102901423,62.80719550956922
rigg_dyp,2026,100.0,,,36.61264736318862,0.0
