uke,dato,segment,siste_obs,A,Ad,Ar,B,B1,B2,D,D_pap,B2_rigg,port,trend,cot_pctl_3aar,bunnsone,oppsikt,d95
2026-W39,2026-09-25,brent,2026-09,18.0,42.1,,,,,2.9,,,ukjent,bekreftet,36.5,False,False,False
2026-W39,2026-09-25,wti,2026-09,24.9,50.7,,,,,2.7,,,aapen,bekreftet,48.7,False,False,
2026-W39,2026-09-25,henryhub,2026-09,90.2,58.4,,,,,25.3,,,aapen,nei,28.2,False,True,
2026-W39,2026-09-25,gold,2026-08,0.9,3.2,,,,,19.9,,,uaktuell,begynnende,67.3,False,False,
2026-W39,2026-09-25,uran,2026-08,7.8,26.7,,,,,20.1,,,aapen,bekreftet,,False,False,
2026-W39,2026-09-25,laks,2026-08,50.8,65.7,,,,,24.8,,,ukjent,bekreftet,,False,False,
2026-W39,2026-09-25,kobber,2026-08,4.5,2.9,,,,,3.5,,,ukjent,bekreftet,76.3,False,False,
2026-W39,2026-09-25,nikkel,2026-08,58.9,70.5,,,,,9.8,,,ukjent,begynnende,,False,False,
2026-W39,2026-09-25,aluminium,2026-08,40.5,10.5,,,,,31.6,,,trang,begynnende,,False,False,
2026-W39,2026-09-25,sink,2026-08,13.6,13.6,,,,,9.8,,,aapen,bekreftet,,False,False,
2026-W39,2026-09-25,bly,2026-08,65.3,62.0,,,,,8.1,,,trang,nei,,False,False,
2026-W39,2026-09-25,tinn,2026-08,6.9,0.0,,,,,9.8,,,ukjent,bekreftet,,False,False,
2026-W39,2026-09-25,jernmalm,2026-08,81.5,65.0,,,,,35.4,,,aapen,nei,,False,True,
2026-W39,2026-09-25,kull,2026-08,30.3,72.2,,,,,11.1,,,aapen,bekreftet,,False,False,
2026-W39,2026-09-25,ttf,2026-08,7.5,13.4,,,,,3.3,,,aapen,bekreftet,,False,False,
2026-W39,2026-09-25,kakao,2026-08,18.0,5.9,,,,,48.1,,,aapen,begynnende,15.4,False,False,
2026-W39,2026-09-25,palmeolje,2026-08,59.9,16.4,,,,,3.2,,,ukjent,bekreftet,,False,False,
2026-W40,2026-09-30,brent,2026-08,32.6,72.5,35.8,,,,3.5,2.2,,aapen,bekreftet,23.1,False,False,False
2026-W40,2026-09-30,wti,2026-08,30.7,65.8,29.2,,,,2.6,0.8,,aapen,bekreftet,51.3,False,False,False
2026-W40,2026-09-30,henryhub,2026-08,90.4,58.9,75.0,,,,32.4,45.6,,aapen,nei,53.2,False,True,
2026-W40,2026-09-30,gold,2026-08,0.9,3.2,5.0,32.0,33.3,32.0,26.1,20.9,,uaktuell,begynnende,60.9,False,False,
2026-W40,2026-09-30,uran,2026-08,7.8,26.7,5.8,73.0,0.0,73.0,21.8,21.8,,aapen,bekreftet,,False,False,
2026-W40,2026-09-30,laks,2026-08,50.8,65.7,65.0,,,,25.2,25.2,,ukjent,bekreftet,,False,False,
2026-W40,2026-09-30,oljeservice,2026-08,46.8,98.8,78.3,,,,24.7,24.5,100.0,aapen,begynnende,,False,False,
2026-W40,2026-09-30,kobber,2026-08,4.5,2.9,0.0,0.0,36.8,0.0,3.9,4.0,,ukjent,bekreftet,95.5,False,False,
2026-W40,2026-09-30,nikkel,2026-08,58.9,70.5,63.3,,,,11.5,12.5,,ukjent,begynnende,,False,False,
2026-W40,2026-09-30,aluminium,2026-08,40.5,10.5,8.3,63.0,5.9,63.0,33.6,45.6,,aapen,begynnende,,False,False,
2026-W40,2026-09-30,sink,2026-08,13.6,13.6,18.3,,,,11.5,12.5,,aapen,bekreftet,,False,False,
2026-W40,2026-09-30,bly,2026-08,65.3,62.0,98.3,,,,10.0,10.2,,aapen,nei,,False,False,
2026-W40,2026-09-30,tinn,2026-08,6.9,0.0,0.0,,,,11.5,12.5,,ukjent,bekreftet,,False,False,
2026-W40,2026-09-30,jernmalm,2026-08,81.5,65.0,85.0,0.0,50.0,0.0,42.7,33.5,,aapen,nei,,False,True,
2026-W40,2026-09-30,kull,2026-08,30.3,72.2,45.8,48.6,38.9,48.6,12.5,12.5,,aapen,bekreftet,,False,False,
2026-W40,2026-09-30,ttf,2026-08,7.5,13.4,14.2,,,,3.4,2.1,,aapen,bekreftet,,False,False,
2026-W40,2026-09-30,kakao,2026-08,18.0,5.9,18.3,,,,48.5,48.5,,aapen,begynnende,3.8,False,False,
2026-W40,2026-09-30,palmeolje,2026-08,59.9,16.4,25.8,,,,4.3,4.3,,ukjent,bekreftet,3.2,False,False,
2026-W41,2026-10-07,brent,2026-09,18.2,44.0,6.7,,,,1.8,2.7,,aapen,bekreftet,21.2,False,False,False
2026-W41,2026-10-07,wti,2026-09,25.2,52.4,12.5,,,,0.0,0.0,,aapen,bekreftet,30.8,False,False,False
2026-W41,2026-10-07,henryhub,2026-09,84.8,48.9,61.7,,,,19.9,29.9,,aapen,nei,10.3,False,True,
2026-W41,2026-10-07,gold,2026-09,1.1,3.6,5.8,32.0,33.3,32.0,26.7,21.0,,uaktuell,begynnende,52.6,False,False,
2026-W41,2026-10-07,uran,2026-09,8.4,26.9,8.3,73.0,0.0,73.0,16.7,16.7,,aapen,bekreftet,,False,False,
2026-W41,2026-10-07,laks,2026-09,45.8,59.4,56.7,,,,25.8,25.8,,ukjent,begynnende,,False,False,
2026-W41,2026-10-07,oljeservice,2026-08,47.0,98.8,79.2,,,,21.0,20.9,100.0,aapen,begynnende,,False,False,
2026-W41,2026-10-07,kobber,2026-09,4.2,2.7,0.0,0.0,36.8,0.0,3.5,3.7,,aapen,bekreftet,88.5,False,False,
2026-W41,2026-10-07,nikkel,2026-09,62.7,73.1,70.0,,,,6.3,6.0,,aapen,begynnende,,False,False,
2026-W41,2026-10-07,aluminium,2026-09,39.6,10.3,8.3,63.0,5.9,63.0,32.1,44.8,,aapen,begynnende,,False,False,
2026-W41,2026-10-07,sink,2026-09,12.9,12.9,16.7,,,,6.3,6.0,,aapen,bekreftet,,False,False,
2026-W41,2026-10-07,bly,2026-09,64.4,61.8,97.5,,,,8.7,9.6,,aapen,nei,,False,False,
2026-W41,2026-10-07,tinn,2026-09,7.5,0.1,0.8,,,,6.3,6.0,,aapen,bekreftet,,False,False,
2026-W41,2026-10-07,jernmalm,2026-09,79.1,61.2,82.5,0.0,50.0,0.0,42.3,36.5,,aapen,nei,,False,False,
2026-W41,2026-10-07,kull,2026-09,22.4,65.7,32.5,48.6,38.9,48.6,6.0,6.0,,aapen,bekreftet,,False,False,
2026-W41,2026-10-07,ttf,2026-09,5.0,8.1,13.3,,,,1.3,1.9,,aapen,bekreftet,,False,False,
2026-W41,2026-10-07,kakao,2026-09,18.4,7.0,19.2,,,,49.0,49.0,,aapen,begynnende,4.5,False,False,
2026-W41,2026-10-07,palmeolje,2026-09,56.7,14.0,20.8,,,,3.1,3.1,,aapen,bekreftet,3.2,False,False,
