uke,dato,ticker,segmenter,kurs,valuta,kursdato,utbytte,usd_per_enhet
2026-W39,2026-09-25,AA,aluminium,42.9302,USD,2026-09-25,,
2026-W39,2026-09-25,AI.PA,ttf,168.08,EUR,2026-09-25,,
2026-W39,2026-09-25,AKRBP.OL,brent,348.6,NOK,2026-09-25,,
2026-W39,2026-09-25,ARLP,kull,25.12,USD,2026-09-25,,
2026-W39,2026-09-25,ATYM.L,kobber,1034.0,GBp,2026-09-25,,
2026-W39,2026-09-25,BAKKA.OL,laks,450.8,NOK,2026-09-25,,
2026-W39,2026-09-25,BARN.SW,kakao,1124.0,CHF,2026-09-25,,
2026-W39,2026-09-25,BIR.TO,henryhub,6.255,CAD,2026-09-25,,
2026-W39,2026-09-25,BOL.ST,bly sink,521.6,SEK,2026-09-25,,
2026-W39,2026-09-25,BTU,kull,25.52,USD,2026-09-25,,
2026-W39,2026-09-25,CCJ,uran,88.625,USD,2026-09-25,,
2026-W39,2026-09-25,CENX,aluminium,38.42,USD,2026-09-25,,
2026-W39,2026-09-25,CIA.TO,jernmalm,3.095,CAD,2026-09-25,,
2026-W39,2026-09-25,CLF,jernmalm,12.4001,USD,2026-09-25,,
2026-W39,2026-09-25,CS.TO,kobber,14.37,CAD,2026-09-25,,
2026-W39,2026-09-25,CVE.TO,wti,43.61,CAD,2026-09-25,,
2026-W39,2026-09-25,DNO.OL,brent,19.34,NOK,2026-09-25,,
2026-W39,2026-09-25,EQNR.OL,ttf,403.9,NOK,2026-09-25,,
2026-W39,2026-09-25,EQT,henryhub,51.175,USD,2026-09-25,,
2026-W39,2026-09-25,ERA.PA,nikkel,43.96,EUR,2026-09-25,,
2026-W39,2026-09-25,EXV6.DE,bly kobber nikkel,82.95,EUR,2026-09-25,,
2026-W39,2026-09-25,GDX.L,gold,104.56,USD,2026-09-25,,
2026-W39,2026-09-25,GJGB.L,gold,83.6,GBP,2026-09-25,,
2026-W39,2026-09-25,GLEN.L,kull nikkel sink tinn,555.6,GBp,2026-09-25,,
2026-W39,2026-09-25,HBM.TO,sink,37.41,CAD,2026-09-25,,
2026-W39,2026-09-25,HEI.DE,ttf,145.1,EUR,2026-09-25,,
2026-W39,2026-09-25,HSY,kakao,166.92,USD,2026-09-25,,
2026-W39,2026-09-25,IOGP.L,brent wti,34.57,USD,2026-09-25,,
2026-W39,2026-09-25,ISAG.L,palmeolje,56.22,USD,2026-09-25,,
2026-W39,2026-09-25,LIF.TO,jernmalm,24.78,CAD,2026-09-25,,
2026-W39,2026-09-25,LSG.OL,laks,43.14,NOK,2026-09-25,,
2026-W39,2026-09-25,MOWI.OL,laks,205.6,NOK,2026-09-25,,
2026-W39,2026-09-25,MPE.L,palmeolje,2165.0,GBp,2026-09-25,,
2026-W39,2026-09-25,NESN.SW,kakao,77.37,CHF,2026-09-25,,
2026-W39,2026-09-25,NEXA,bly,12.66,USD,2026-09-25,,
2026-W39,2026-09-25,NHY.OL,aluminium,82.2,NOK,2026-09-25,,
2026-W39,2026-09-25,RE.L,palmeolje,121.0,GBp,2026-09-25,,
2026-W39,2026-09-25,SALM.OL,laks,582.5,NOK,2026-09-25,,
2026-W39,2026-09-25,SPGP.L,gold,3234.0,GBp,2026-09-25,,
2026-W39,2026-09-25,TOU.TO,henryhub,61.08,CAD,2026-09-25,,
2026-W39,2026-09-25,U-UN.TO,uran,26.38,CAD,2026-09-25,,
2026-W39,2026-09-25,UUUU,uran,11.3632,USD,2026-09-25,,
2026-W39,2026-09-25,WCP.TO,wti,18.26,CAD,2026-09-25,,
2026-W40,2026-09-29,AA,aluminium,42.25,USD,2026-09-28,0,1.0
2026-W40,2026-09-29,ACWI,referanse,159.68,USD,2026-09-28,0,1.0
2026-W40,2026-09-29,AI.PA,ttf,169.38,EUR,2026-09-29,0,1.134
2026-W40,2026-09-29,AKRBP.OL,brent,343.5,NOK,2026-09-29,0,0.1042
2026-W40,2026-09-29,ARLP,kull,24.83,USD,2026-09-28,0,1.0
2026-W40,2026-09-29,ATYM.L,kobber,1059.65,GBp,2026-09-29,0,0.013224
2026-W40,2026-09-29,BAKKA.OL,laks,449.4,NOK,2026-09-29,0,0.1042
2026-W40,2026-09-29,BARN.SW,kakao,1079.0,CHF,2026-09-29,0,1.198
2026-W40,2026-09-29,BIR.TO,henryhub,6.21,CAD,2026-09-28,0,0.7044
2026-W40,2026-09-29,BOL.ST,bly sink,521.4,SEK,2026-09-29,0,0.1
2026-W40,2026-09-29,BTU,kull,25.15,USD,2026-09-28,0,1.0
2026-W40,2026-09-29,CCJ,uran,87.04,USD,2026-09-28,0,1.0
2026-W40,2026-09-29,CENX,aluminium,37.4,USD,2026-09-28,0,1.0
2026-W40,2026-09-29,CIA.TO,jernmalm,3.04,CAD,2026-09-28,0,0.7044
2026-W40,2026-09-29,CS.TO,kobber,13.96,CAD,2026-09-28,0,0.7044
2026-W40,2026-09-29,CVE.TO,wti,44.12,CAD,2026-09-28,0,0.7044
2026-W40,2026-09-29,DNO.OL,brent,19.19,NOK,2026-09-29,0,0.1042
2026-W40,2026-09-29,EQNR.OL,ttf,396.6,NOK,2026-09-29,0,0.1042
2026-W40,2026-09-29,EQT,henryhub,49.87,USD,2026-09-28,0,1.0
2026-W40,2026-09-29,ERA.PA,nikkel,44.9,EUR,2026-09-29,0,1.134
2026-W40,2026-09-29,EXV6.DE,bly kobber nikkel,82.82,EUR,2026-09-29,0,1.134
2026-W40,2026-09-29,GDX.L,gold,100.53,USD,2026-09-29,0,1.0
2026-W40,2026-09-29,GJGB.L,gold,80.65,GBP,2026-09-29,0,1.3224
2026-W40,2026-09-29,GLEN.L,kull nikkel sink tinn,559.6,GBp,2026-09-29,0,0.013224
2026-W40,2026-09-29,HBM.TO,sink,38.13,CAD,2026-09-28,0,0.7044
2026-W40,2026-09-29,HEI.DE,ttf,144.25,EUR,2026-09-29,0,1.134
2026-W40,2026-09-29,HSY,kakao,164.41,USD,2026-09-28,0,1.0
2026-W40,2026-09-29,IOGP.L,brent wti,33.92,USD,2026-09-29,0,1.0
2026-W40,2026-09-29,ISAG.L,palmeolje,55.58,USD,2026-09-29,0,1.0
2026-W40,2026-09-29,LIF.TO,jernmalm,24.62,CAD,2026-09-28,0,0.7044
2026-W40,2026-09-29,LSG.OL,laks,42.92,NOK,2026-09-29,0,0.1042
2026-W40,2026-09-29,MOWI.OL,laks,206.2,NOK,2026-09-29,0,0.1042
2026-W40,2026-09-29,MPE.L,palmeolje,2169.45,GBp,2026-09-29,0,0.013224
2026-W40,2026-09-29,NESN.SW,kakao,76.88,CHF,2026-09-29,0,1.198
2026-W40,2026-09-29,NEXA,bly,12.23,USD,2026-09-28,0,1.0
2026-W40,2026-09-29,NHY.OL,aluminium,83.28,NOK,2026-09-29,0,0.1042
2026-W40,2026-09-29,RE.L,palmeolje,112.9651,GBp,2026-09-29,0,0.013224
2026-W40,2026-09-29,SALM.OL,laks,588.5,NOK,2026-09-29,0,0.1042
2026-W40,2026-09-29,SPGP.L,gold,3109.0,GBp,2026-09-29,0,0.013224
2026-W40,2026-09-29,TOU.TO,henryhub,60.96,CAD,2026-09-28,0,0.7044
2026-W40,2026-09-29,U-UN.TO,uran,26.3,CAD,2026-09-28,0,0.7044
2026-W40,2026-09-29,UUUU,uran,11.03,USD,2026-09-28,0,1.0
2026-W40,2026-09-29,VALE,jernmalm,13.59,USD,2026-09-28,0,1.0
2026-W40,2026-09-29,WCP.TO,wti,18.02,CAD,2026-09-28,0,0.7044
