snapshot_id,snapshot_date,iso_week,model_version,run_id,segment,instrument,level,data_cutoff,created_at,A_raw,A_detrended,A_rolling,A_anchor,B,B1,B2,B_rigg_max,C,C_open_n,C_measured_n,D,D_papers,S,watch,bottom_zone,strong_candidate,survival_gate,d95,observation_only,months_in_zone,trend_signal,trend_12m,trend_6m,trend_10m,above_ma10,cot_manager,cot_manager_pct,cot_producer,cot_date,curve_12m,curve_3m,curve_form,curve_date,inventory,supply_metric,price_last_observation,price_real,price_nominal,B_last_observation,C_last_observation,D_last_observation,data_stale,stale_fields,missing_fields,source_version,code_changed,observation_date,publication_date,available_from,company_name,exchange,currency,instrument_type,instrument_price,price_date,usd_per_unit,dividend,commodity_price,commodity_beta,correlation,residual_correlation,inverse,tradeable,on_dashboard,instrument_eligible,reason_if_not_eligible,C_status,C_score,C_bottom_year,C_years,D_instrument,drawdown_pct,shares_outstanding,market_cap
champion_v1_0|2026-10-07|brent|-,2026-10-07,2026-W41,champion_v1_0,champion_v1_0|2026-W41|2026-10-07 06:30:18,brent,,segment,2026-10-07 06:30:18,2026-10-07 06:30:18,18.2,44.0,6.7,,,,,,aapen,2,2,1.8,2.7,,false,false,,aapen,false,false,0,bekreftet,61.3,-11.3,22.7,true,21.2,1.72,19.9,2026-09-29,-18.95,-7.76,Bratt backwardation,2026-10-07,,,2026-09,113.96,113.96,,2026-10-01 10:39:10,2026-10-07 06:23:54,false,,B;S,index 2026-10-07 06:26:50,false,2026-09,,2026-10-07,,,,,,,,,,,,,,,,,,,,,,,,,
champion_v1_0|2026-10-07|brent|IOGP.L,2026-10-07,2026-W41,champion_v1_0,champion_v1_0|2026-W41|2026-10-07 06:30:18,brent,IOGP.L,instrument,2026-10-07 06:30:18,2026-10-07 06:30:18,,,,,,,,,aapen,,,,,,,false,,aapen,,,,,,,,,,,,,,,,,,,,,,,,,false,,C_status,index 2026-10-07 06:26:50,false,2026-10-05,,2026-10-07,iShares Oil & Gas Exploration & Production UCITS,London,USD,ETF,34.69,2026-10-05,1.0,0.0,113.96,0.64,0.67,0.63,false,true,true,true,,,,,,2.7,-6.9,,
champion_v1_0|2026-10-07|brent|DNO.OL,2026-10-07,2026-W41,champion_v1_0,champion_v1_0|2026-W41|2026-10-07 06:30:18,brent,DNO.OL,instrument,2026-10-07 06:30:18,2026-10-07 06:30:18,,,,,,,,,aapen,,,,,,,false,,aapen,,,,,,,,,,,,,,,,,,,,,,,,,false,,,index 2026-10-07 06:26:50,false,2026-10-05,,2026-10-07,DNO,Oslo,NOK,aksje,19.11,2026-10-05,0.1045,0.0,113.96,1.08,0.68,0.57,false,true,true,true,,aapen,24.5,2015,19,3.2,-11.0,,
champion_v1_0|2026-10-07|brent|AKRBP.OL,2026-10-07,2026-W41,champion_v1_0,champion_v1_0|2026-W41|2026-10-07 06:30:18,brent,AKRBP.OL,instrument,2026-10-07 06:30:18,2026-10-07 06:30:18,,,,,,,,,aapen,,,,,,,false,,aapen,,,,,,,,,,,,,,,,,,,,,,,,,false,,,index 2026-10-07 06:26:50,false,2026-10-05,,2026-10-07,Aker BP,Oslo,NOK,aksje,342.0,2026-10-05,0.1045,0.0,113.96,0.72,0.64,0.48,false,true,true,true,,aapen,23.0,2006,19,2.0,-5.1,,
champion_v1_0|2026-10-07|wti|-,2026-10-07,2026-W41,champion_v1_0,champion_v1_0|2026-W41|2026-10-07 06:30:18,wti,,segment,2026-10-07 06:30:18,2026-10-07 06:30:18,25.2,52.4,12.5,,,,,,aapen,1,1,0.0,0.0,,false,false,,aapen,false,false,0,bekreftet,47.6,-7.8,14.6,true,30.8,4.24,91.0,2026-09-29,-14.77,-3.73,Bratt backwardation,2026-10-07,,,2026-09,96.16,96.16,,2026-10-01 10:39:10,2026-10-07 06:23:54,false,,B;S,index 2026-10-07 06:26:50,false,2026-09,,2026-10-07,,,,,,,,,,,,,,,,,,,,,,,,,
champion_v1_0|2026-10-07|wti|CVE.TO,2026-10-07,2026-W41,champion_v1_0,champion_v1_0|2026-W41|2026-10-07 06:30:18,wti,CVE.TO,instrument,2026-10-07 06:30:18,2026-10-07 06:30:18,,,,,,,,,aapen,,,,,,,false,,aapen,,,,,,,,,,,,,,,,,,,,,,,,,false,,,index 2026-10-07 06:26:50,false,2026-10-06,,2026-10-07,Cenovus Energy,Toronto,CAD,aksje,44.46,2026-10-06,0.703,0.0,96.16,0.98,0.71,0.64,false,true,true,true,,aapen,,2020,11,0.0,0.0,,
champion_v1_0|2026-10-07|wti|WCP.TO,2026-10-07,2026-W41,champion_v1_0,champion_v1_0|2026-W41|2026-10-07 06:30:18,wti,WCP.TO,instrument,2026-10-07 06:30:18,2026-10-07 06:30:18,,,,,,,,,aapen,,,,,,,false,,aapen,,,,,,,,,,,,,,,,,,,,,,,,,false,,C_status,index 2026-10-07 06:26:50,false,2026-10-06,,2026-10-07,Whitecap Resources,Toronto,CAD,aksje,18.22,2026-10-06,0.703,0.0,96.16,0.83,0.69,0.57,false,true,true,true,,,,,,0.0,0.0,,
champion_v1_0|2026-10-07|wti|IOGP.L,2026-10-07,2026-W41,champion_v1_0,champion_v1_0|2026-W41|2026-10-07 06:30:18,wti,IOGP.L,instrument,2026-10-07 06:30:18,2026-10-07 06:30:18,,,,,,,,,aapen,,,,,,,false,,aapen,,,,,,,,,,,,,,,,,,,,,,,,,false,,C_status,index 2026-10-07 06:26:50,false,2026-10-05,,2026-10-07,iShares Oil & Gas Exploration & Production UCITS,London,USD,ETF,34.69,2026-10-05,1.0,0.0,96.16,0.72,0.66,0.62,false,true,true,true,,,,,,2.7,-6.9,,
champion_v1_0|2026-10-07|henryhub|-,2026-10-07,2026-W41,champion_v1_0,champion_v1_0|2026-W41|2026-10-07 06:30:18,henryhub,,segment,2026-10-07 06:30:18,2026-10-07 06:30:18,84.8,48.9,61.7,,,,,,aapen,1,1,19.9,29.9,,true,false,,aapen,,false,0,nei,-1.2,8.8,-10.5,false,10.3,-7.45,80.1,2026-09-29,11.36,10.37,Bratt contango,2026-10-07,,,2026-09,3.18,3.18,,2026-10-01 10:39:10,2026-10-07 06:23:54,false,,B;S,index 2026-10-07 06:26:50,false,2026-09,,2026-10-07,,,,,,,,,,,,,,,,,,,,,,,,,
champion_v1_0|2026-10-07|henryhub|BIR.TO,2026-10-07,2026-W41,champion_v1_0,champion_v1_0|2026-W41|2026-10-07 06:30:18,henryhub,BIR.TO,instrument,2026-10-07 06:30:18,2026-10-07 06:30:18,,,,,,,,,aapen,,,,,,,false,,aapen,,,,,,,,,,,,,,,,,,,,,,,,,false,,C_status,index 2026-10-07 06:26:50,false,2026-10-06,,2026-10-07,Birchcliff Energy,Toronto,CAD,aksje,6.7,2026-10-06,0.703,0.0,3.18,1.0,0.3,0.32,false,true,true,true,,,,,,38.2,-26.8,,
champion_v1_0|2026-10-07|henryhub|TOU.TO,2026-10-07,2026-W41,champion_v1_0,champion_v1_0|2026-W41|2026-10-07 06:30:18,henryhub,TOU.TO,instrument,2026-10-07 06:30:18,2026-10-07 06:30:18,,,,,,,,,aapen,,,,,,,false,,aapen,,,,,,,,,,,,,,,,,,,,,,,,,false,,C_status,index 2026-10-07 06:26:50,false,2026-10-06,,2026-10-07,Tourmaline Oil,Toronto,CAD,aksje,62.91,2026-10-06,0.703,0.0,3.18,0.54,0.3,0.31,false,true,true,true,,,,,,1.2,-4.0,,
champion_v1_0|2026-10-07|henryhub|EQT,2026-10-07,2026-W41,champion_v1_0,champion_v1_0|2026-W41|2026-10-07 06:30:18,henryhub,EQT,instrument,2026-10-07 06:30:18,2026-10-07 06:30:18,,,,,,,,,aapen,,,,,,,false,,aapen,,,,,,,,,,,,,,,,,,,,,,,,,false,,,index 2026-10-07 06:26:50,false,2026-10-06,,2026-10-07,EQT Corporation,NYSE,USD,aksje,52.47,2026-10-06,1.0,0.0,3.18,0.36,0.29,0.31,false,true,true,true,,aapen,,2007,19,29.9,-14.1,,
champion_v1_0|2026-10-07|gold|-,2026-10-07,2026-W41,champion_v1_0,champion_v1_0|2026-W41|2026-10-07 06:30:18,gold,,segment,2026-10-07 06:30:18,2026-10-07 06:30:18,1.1,3.6,5.8,,32.0,33.3,32.0,,uaktuell,0,0,26.7,21.0,,false,false,,uaktuell,,false,0,begynnende,14.2,-12.3,-5.7,false,52.6,29.6,90.4,2026-09-29,5.91,1.18,Contango,2026-10-07,,,2026-09,4319.0,4319.0,2025,2026-10-01 10:39:10,2026-10-07 06:23:54,false,,S,index 2026-10-07 06:26:50,false,2026-09,,2026-10-07,,,,,,,,,,,,,,,,,,,,,,,,,
champion_v1_0|2026-10-07|gold|GDX.L,2026-10-07,2026-W41,champion_v1_0,champion_v1_0|2026-W41|2026-10-07 06:30:18,gold,GDX.L,instrument,2026-10-07 06:30:18,2026-10-07 06:30:18,,,,,,,,,uaktuell,,,,,,,false,,uaktuell,,,,,,,,,,,,,,,,,,,,,,,,,false,,C_status,index 2026-10-07 06:26:50,false,2026-10-05,,2026-10-07,VanEck Gold Miners UCITS,London,USD,ETF,98.82,2026-10-05,1.0,0.0,4319.0,1.68,0.56,0.57,false,true,true,true,,,,,,21.0,-23.1,,
champion_v1_0|2026-10-07|gold|GJGB.L,2026-10-07,2026-W41,champion_v1_0,champion_v1_0|2026-W41|2026-10-07 06:30:18,gold,GJGB.L,instrument,2026-10-07 06:30:18,2026-10-07 06:30:18,,,,,,,,,uaktuell,,,,,,,false,,uaktuell,,,,,,,,,,,,,,,,,,,,,,,,,false,,C_status,index 2026-10-07 06:26:50,false,2026-10-05,,2026-10-07,VanEck Junior Gold Miners UCITS,London,GBP,ETF,78.53,2026-10-05,1.3243,0.0,4319.0,1.89,0.58,0.59,false,true,true,true,,,,,,25.3,-25.0,,
champion_v1_0|2026-10-07|gold|SPGP.L,2026-10-07,2026-W41,champion_v1_0,champion_v1_0|2026-W41|2026-10-07 06:30:18,gold,SPGP.L,instrument,2026-10-07 06:30:18,2026-10-07 06:30:18,,,,,,,,,uaktuell,,,,,,,false,,uaktuell,,,,,,,,,,,,,,,,,,,,,,,,,false,,C_status,index 2026-10-07 06:26:50,false,2026-10-05,,2026-10-07,iShares Gold Producers UCITS,London,GBp,ETF,3057.0,2026-10-05,0.013243,0.0,4319.0,1.86,0.57,0.59,false,true,true,true,,,,,,11.5,-20.9,,
champion_v1_0|2026-10-07|uran|-,2026-10-07,2026-W41,champion_v1_0,champion_v1_0|2026-W41|2026-10-07 06:30:18,uran,,segment,2026-10-07 06:30:18,2026-10-07 06:30:18,8.4,26.9,8.3,,73.0,0.0,73.0,,aapen,1,2,16.7,16.7,,false,false,,aapen,,false,0,bekreftet,5.2,4.9,2.1,true,,,,,,,,,,,2026-09,89.63,89.63,2025,2026-10-01 10:39:10,2026-10-07 06:23:54,true,uran_fut,S,index 2026-10-07 06:26:50,false,2026-09,,2026-10-07,,,,,,,,,,,,,,,,,,,,,,,,,
champion_v1_0|2026-10-07|uran|CCJ,2026-10-07,2026-W41,champion_v1_0,champion_v1_0|2026-W41|2026-10-07 06:30:18,uran,CCJ,instrument,2026-10-07 06:30:18,2026-10-07 06:30:18,,,,,,,,,aapen,,,,,,,false,,aapen,,,,,,,,,,,,,,,,,,,,,,,,,true,uran_fut,,index 2026-10-07 06:26:50,false,2026-10-06,,2026-10-07,Cameco,NYSE,USD,aksje,93.02,2026-10-06,1.0,0.0,89.63,0.77,0.48,0.45,false,true,true,true,,aapen,,2020,10,16.7,-24.6,,
champion_v1_0|2026-10-07|uran|UUUU,2026-10-07,2026-W41,champion_v1_0,champion_v1_0|2026-W41|2026-10-07 06:30:18,uran,UUUU,instrument,2026-10-07 06:30:18,2026-10-07 06:30:18,,,,,,,,,aapen,,,,,,,false,,aapen,,,,,,,,,,,,,,,,,,,,,,,,,true,uran_fut,,index 2026-10-07 06:26:50,false,2026-10-06,,2026-10-07,Energy Fuels,NYSE,USD,aksje,11.26,2026-10-06,1.0,0.0,89.63,1.58,0.44,0.4,false,true,true,false,C stengt,stengt,2.9,2025,8,45.7,-49.8,,
champion_v1_0|2026-10-07|uran|U-UN.TO,2026-10-07,2026-W41,champion_v1_0,champion_v1_0|2026-W41|2026-10-07 06:30:18,uran,U-UN.TO,instrument,2026-10-07 06:30:18,2026-10-07 06:30:18,,,,,,,,,aapen,,,,,,,false,,aapen,,,,,,,,,,,,,,,,,,,,,,,,,true,uran_fut,C_status,index 2026-10-07 06:26:50,false,2026-10-06,,2026-10-07,Sprott Physical Uranium Trust,Toronto,CAD,fond,28.14,2026-10-06,0.703,0.0,89.63,0.85,0.55,0.55,false,true,true,true,,,,,,2.0,-9.5,,
champion_v1_0|2026-10-07|laks|-,2026-10-07,2026-W41,champion_v1_0,champion_v1_0|2026-W41|2026-10-07 06:30:18,laks,,segment,2026-10-07 06:30:18,2026-10-07 06:30:18,45.8,59.4,56.7,,,,,,ukjent,0,0,25.8,25.8,,false,false,,ukjent,,true,0,begynnende,-1.7,1.9,6.6,true,,,,,,,,,,,2026-09,8.859,8.859,,2026-10-01 10:39:10,2026-10-07 06:23:54,false,,B;C;S,index 2026-10-07 06:26:50,false,2026-09,,2026-10-07,,,,,,,,,,,,,,,,,,,,,,,,,
champion_v1_0|2026-10-07|laks|MOWI.OL,2026-10-07,2026-W41,champion_v1_0,champion_v1_0|2026-W41|2026-10-07 06:30:18,laks,MOWI.OL,instrument,2026-10-07 06:30:18,2026-10-07 06:30:18,,,,,,,,,ukjent,,,,,,,false,,ukjent,,,,,,,,,,,,,,,,,,,,,,,,,false,,C_status,index 2026-10-07 06:26:50,false,2026-10-05,,2026-10-07,Mowi,Oslo,NOK,aksje,201.4,2026-10-05,0.1045,0.0,8.859,,0.36,0.37,false,true,true,true,,,,,,9.2,-14.1,,
champion_v1_0|2026-10-07|laks|SALM.OL,2026-10-07,2026-W41,champion_v1_0,champion_v1_0|2026-W41|2026-10-07 06:30:18,laks,SALM.OL,instrument,2026-10-07 06:30:18,2026-10-07 06:30:18,,,,,,,,,ukjent,,,,,,,false,,ukjent,,,,,,,,,,,,,,,,,,,,,,,,,false,,C_status,index 2026-10-07 06:26:50,false,2026-10-05,,2026-10-07,SalMar,Oslo,NOK,aksje,567.0,2026-10-05,0.1045,0.0,8.859,,0.35,0.34,false,true,true,true,,,,,,7.6,-8.6,,
champion_v1_0|2026-10-07|laks|LSG.OL,2026-10-07,2026-W41,champion_v1_0,champion_v1_0|2026-W41|2026-10-07 06:30:18,laks,LSG.OL,instrument,2026-10-07 06:30:18,2026-10-07 06:30:18,,,,,,,,,ukjent,,,,,,,false,,ukjent,,,,,,,,,,,,,,,,,,,,,,,,,false,,C_status,index 2026-10-07 06:26:50,false,2026-10-05,,2026-10-07,Lerøy Seafood,Oslo,NOK,aksje,41.66,2026-10-05,0.1045,0.0,8.859,,0.32,0.31,false,true,true,true,,,,,,42.4,-39.3,,
champion_v1_0|2026-10-07|laks|BAKKA.OL,2026-10-07,2026-W41,champion_v1_0,champion_v1_0|2026-W41|2026-10-07 06:30:18,laks,BAKKA.OL,instrument,2026-10-07 06:30:18,2026-10-07 06:30:18,,,,,,,,,ukjent,,,,,,,false,,ukjent,,,,,,,,,,,,,,,,,,,,,,,,,false,,C_status,index 2026-10-07 06:26:50,false,2026-10-05,,2026-10-07,Bakkafrost,Oslo,NOK,aksje,431.6,2026-10-05,0.1045,0.0,8.859,,0.39,0.38,false,true,true,true,,,,,,48.4,-39.2,,
champion_v1_0|2026-10-07|oljeservice|-,2026-10-07,2026-W41,champion_v1_0,champion_v1_0|2026-W41|2026-10-07 06:30:18,oljeservice,,segment,2026-10-07 06:30:18,2026-10-07 06:30:18,47.0,98.8,79.2,,,,,100.0,aapen,2,3,21.0,20.9,,false,false,,aapen,,true,0,begynnende,-1.2,-0.1,0.6,true,,,,,,,,,,,2026-08,405.788,405.788,,2026-10-01 10:39:10,2026-10-07 06:23:54,false,,B;S,index 2026-10-07 06:26:50,false,2026-08,,2026-10-07,,,,,,,,,,,,,,,,,,,,,,,,,
champion_v1_0|2026-10-07|oljeservice|OIH,2026-10-07,2026-W41,champion_v1_0,champion_v1_0|2026-W41|2026-10-07 06:30:18,oljeservice,OIH,instrument,2026-10-07 06:30:18,2026-10-07 06:30:18,,,,,,,,,aapen,,,,,,,false,,aapen,,,,,,,,,,,,,,,,,,,,,,,,,false,,C_status,index 2026-10-07 06:26:50,false,2026-10-06,,2026-10-07,VanEck Oil Services ETF,NYSE,USD,ETF,391.46,2026-10-06,1.0,0.0,405.788,,,,false,true,true,true,,,,,,20.9,-12.7,,
champion_v1_0|2026-10-07|oljeservice|XES,2026-10-07,2026-W41,champion_v1_0,champion_v1_0|2026-W41|2026-10-07 06:30:18,oljeservice,XES,instrument,2026-10-07 06:30:18,2026-10-07 06:30:18,,,,,,,,,aapen,,,,,,,false,,aapen,,,,,,,,,,,,,,,,,,,,,,,,,false,,C_status,index 2026-10-07 06:26:50,false,2026-10-06,,2026-10-07,SPDR S&P Oil & Gas Equipment & Services,NYSE,USD,ETF,111.64,2026-10-06,1.0,0.0,405.788,,,,false,true,true,true,,,,,,19.1,-13.6,,
champion_v1_0|2026-10-07|oljeservice|SLB,2026-10-07,2026-W41,champion_v1_0,champion_v1_0|2026-W41|2026-10-07 06:30:18,oljeservice,SLB,instrument,2026-10-07 06:30:18,2026-10-07 06:30:18,,,,,,,,,aapen,,,,,,,false,,aapen,,,,,,,,,,,,,,,,,,,,,,,,,false,,,index 2026-10-07 06:26:50,false,2026-10-06,,2026-10-07,SLB (Schlumberger),NYSE,USD,aksje,50.0,2026-10-06,1.0,0.0,405.788,,,,false,true,true,true,,aapen,,2020,19,75.9,-36.6,,
champion_v1_0|2026-10-07|oljeservice|HAL,2026-10-07,2026-W41,champion_v1_0,champion_v1_0|2026-W41|2026-10-07 06:30:18,oljeservice,HAL,instrument,2026-10-07 06:30:18,2026-10-07 06:30:18,,,,,,,,,aapen,,,,,,,false,,aapen,,,,,,,,,,,,,,,,,,,,,,,,,false,,,index 2026-10-07 06:26:50,false,2026-10-06,,2026-10-07,Halliburton,NYSE,USD,aksje,32.72,2026-10-06,1.0,0.0,405.788,,,,false,true,true,false,C stengt,stengt,5.2,2016,19,73.6,-39.1,,
champion_v1_0|2026-10-07|oljeservice|BKR,2026-10-07,2026-W41,champion_v1_0,champion_v1_0|2026-W41|2026-10-07 06:30:18,oljeservice,BKR,instrument,2026-10-07 06:30:18,2026-10-07 06:30:18,,,,,,,,,aapen,,,,,,,false,,aapen,,,,,,,,,,,,,,,,,,,,,,,,,false,,,index 2026-10-07 06:26:50,false,2026-10-06,,2026-10-07,Baker Hughes,Nasdaq,USD,aksje,57.13,2026-10-06,1.0,0.0,405.788,,,,false,true,true,true,,aapen,18.6,2017,11,9.6,-5.8,,
champion_v1_0|2026-10-07|oljeservice|SUBC.OL,2026-10-07,2026-W41,champion_v1_0,champion_v1_0|2026-W41|2026-10-07 06:30:18,oljeservice,SUBC.OL,instrument,2026-10-07 06:30:18,2026-10-07 06:30:18,,,,,,,,,aapen,,,,,,,false,,aapen,,,,,,,,,,,,,,,,,,,,,,,,,false,,C_status,index 2026-10-07 06:26:50,false,2026-10-05,,2026-10-07,Subsea 7,Oslo,NOK,aksje,329.0,2026-10-05,0.1045,0.0,405.788,,,,false,true,true,true,,,,,,7.9,-6.9,,
champion_v1_0|2026-10-07|oljeservice|TGS.OL,2026-10-07,2026-W41,champion_v1_0,champion_v1_0|2026-W41|2026-10-07 06:30:18,oljeservice,TGS.OL,instrument,2026-10-07 06:30:18,2026-10-07 06:30:18,,,,,,,,,aapen,,,,,,,false,,aapen,,,,,,,,,,,,,,,,,,,,,,,,,false,,C_status,index 2026-10-07 06:26:50,false,2026-10-05,,2026-10-07,TGS,Oslo,NOK,aksje,134.8,2026-10-05,0.1045,0.0,405.788,,,,false,true,true,true,,,,,,24.2,-11.6,,
champion_v1_0|2026-10-07|kobber|-,2026-10-07,2026-W41,champion_v1_0,champion_v1_0|2026-W41|2026-10-07 06:30:18,kobber,,segment,2026-10-07 06:30:18,2026-10-07 06:30:18,4.2,2.7,0.0,,0.0,36.8,0.0,,aapen,2,2,3.5,3.7,,false,false,,aapen,,false,0,bekreftet,40.6,13.9,7.9,true,88.5,25.92,17.3,2026-09-29,6.44,1.85,Contango,2026-10-07,,,2026-09,14474.0,14474.0,2025,2026-10-01 10:39:10,2026-10-07 06:23:54,false,,S,index 2026-10-07 06:26:50,false,2026-09,,2026-10-07,,,,,,,,,,,,,,,,,,,,,,,,,
champion_v1_0|2026-10-07|kobber|CS.TO,2026-10-07,2026-W41,champion_v1_0,champion_v1_0|2026-W41|2026-10-07 06:30:18,kobber,CS.TO,instrument,2026-10-07 06:30:18,2026-10-07 06:30:18,,,,,,,,,aapen,,,,,,,false,,aapen,,,,,,,,,,,,,,,,,,,,,,,,,false,,,index 2026-10-07 06:26:50,false,2026-10-06,,2026-10-07,Capstone Copper,Toronto,CAD,aksje,14.36,2026-10-06,0.703,0.0,14474.0,1.87,0.56,0.42,false,true,true,true,,aapen,16.6,2015,14,3.7,-10.7,,
champion_v1_0|2026-10-07|kobber|ATYM.L,2026-10-07,2026-W41,champion_v1_0,champion_v1_0|2026-W41|2026-10-07 06:30:18,kobber,ATYM.L,instrument,2026-10-07 06:30:18,2026-10-07 06:30:18,,,,,,,,,aapen,,,,,,,false,,aapen,,,,,,,,,,,,,,,,,,,,,,,,,false,,,index 2026-10-07 06:26:50,false,2026-10-05,,2026-10-07,Atalaya Mining,London,GBp,aksje,1055.0,2026-10-05,0.013243,0.0,14474.0,1.55,0.52,0.42,false,true,true,true,,aapen,,2017,9,6.4,-6.9,,
champion_v1_0|2026-10-07|kobber|EXV6.DE,2026-10-07,2026-W41,champion_v1_0,champion_v1_0|2026-W41|2026-10-07 06:30:18,kobber,EXV6.DE,instrument,2026-10-07 06:30:18,2026-10-07 06:30:18,,,,,,,,,aapen,,,,,,,false,,aapen,,,,,,,,,,,,,,,,,,,,,,,,,false,,C_status,index 2026-10-07 06:26:50,false,2026-10-05,,2026-10-07,iShares STOXX Europe 600 Basic Resources UCITS,Xetra,EUR,ETF,83.97,2026-10-05,1.1226,0.0,14474.0,1.17,0.5,0.43,false,true,true,true,,,,,,1.6,-4.4,,
champion_v1_0|2026-10-07|nikkel|-,2026-10-07,2026-W41,champion_v1_0,champion_v1_0|2026-W41|2026-10-07 06:30:18,nikkel,,segment,2026-10-07 06:30:18,2026-10-07 06:30:18,62.7,73.1,70.0,,,,,,aapen,1,2,6.3,6.0,,false,false,,aapen,,false,0,begynnende,4.8,-5.8,-5.6,false,,,,,,,,,,,2026-09,16324.0,16324.0,,2026-10-01 10:39:10,2026-10-07 06:23:54,false,,B;S,index 2026-10-07 06:26:50,false,2026-09,,2026-10-07,,,,,,,,,,,,,,,,,,,,,,,,,
champion_v1_0|2026-10-07|nikkel|ERA.PA,2026-10-07,2026-W41,champion_v1_0,champion_v1_0|2026-W41|2026-10-07 06:30:18,nikkel,ERA.PA,instrument,2026-10-07 06:30:18,2026-10-07 06:30:18,,,,,,,,,aapen,,,,,,,false,,aapen,,,,,,,,,,,,,,,,,,,,,,,,,false,,,index 2026-10-07 06:26:50,false,2026-10-05,,2026-10-07,Eramet,Paris,EUR,aksje,44.9,2026-10-05,1.1226,0.0,16324.0,0.89,0.34,0.37,false,true,true,false,C stengt,stengt,7.3,2025,21,79.5,-66.2,,
champion_v1_0|2026-10-07|nikkel|GLEN.L,2026-10-07,2026-W41,champion_v1_0,champion_v1_0|2026-W41|2026-10-07 06:30:18,nikkel,GLEN.L,instrument,2026-10-07 06:30:18,2026-10-07 06:30:18,,,,,,,,,aapen,,,,,,,false,,aapen,,,,,,,,,,,,,,,,,,,,,,,,,false,,,index 2026-10-07 06:26:50,false,2026-10-05,,2026-10-07,Glencore,London,GBp,aksje,569.3,2026-10-05,0.013243,0.0,16324.0,1.21,0.3,0.32,false,true,true,true,,aapen,,2020,12,6.0,-3.7,,
champion_v1_0|2026-10-07|nikkel|EXV6.DE,2026-10-07,2026-W41,champion_v1_0,champion_v1_0|2026-W41|2026-10-07 06:30:18,nikkel,EXV6.DE,instrument,2026-10-07 06:30:18,2026-10-07 06:30:18,,,,,,,,,aapen,,,,,,,false,,aapen,,,,,,,,,,,,,,,,,,,,,,,,,false,,C_status,index 2026-10-07 06:26:50,false,2026-10-05,,2026-10-07,iShares STOXX Europe 600 Basic Resources UCITS,Xetra,EUR,ETF,83.97,2026-10-05,1.1226,0.0,16324.0,0.82,0.3,0.32,false,true,true,true,,,,,,1.6,-4.4,,
champion_v1_0|2026-10-07|aluminium|-,2026-10-07,2026-W41,champion_v1_0,champion_v1_0|2026-W41|2026-10-07 06:30:18,aluminium,,segment,2026-10-07 06:30:18,2026-10-07 06:30:18,39.6,10.3,8.3,,63.0,5.9,63.0,,aapen,1,2,32.1,44.8,,false,false,,aapen,,false,0,begynnende,20.0,-4.1,-1.2,false,,,,,,,,,,,2026-09,3283.0,3283.0,2025,2026-10-01 10:39:10,2026-10-07 06:23:54,false,,S,index 2026-10-07 06:26:50,false,2026-09,,2026-10-07,,,,,,,,,,,,,,,,,,,,,,,,,
champion_v1_0|2026-10-07|aluminium|NHY.OL,2026-10-07,2026-W41,champion_v1_0,champion_v1_0|2026-W41|2026-10-07 06:30:18,aluminium,NHY.OL,instrument,2026-10-07 06:30:18,2026-10-07 06:30:18,,,,,,,,,aapen,,,,,,,false,,aapen,,,,,,,,,,,,,,,,,,,,,,,,,false,,C_status,index 2026-10-07 06:26:50,false,2026-10-05,,2026-10-07,Norsk Hydro,Oslo,NOK,aksje,81.1,2026-10-05,0.1045,0.0,3283.0,1.63,0.52,0.49,false,true,true,true,,,,,,33.2,-29.8,,
champion_v1_0|2026-10-07|aluminium|AA,2026-10-07,2026-W41,champion_v1_0,champion_v1_0|2026-W41|2026-10-07 06:30:18,aluminium,AA,instrument,2026-10-07 06:30:18,2026-10-07 06:30:18,,,,,,,,,aapen,,,,,,,false,,aapen,,,,,,,,,,,,,,,,,,,,,,,,,false,,,index 2026-10-07 06:26:50,false,2026-10-06,,2026-10-07,Alcoa,NYSE,USD,aksje,43.17,2026-10-06,1.0,0.0,3283.0,1.07,0.48,0.42,false,true,true,true,,aapen,20.5,2016,12,77.5,-49.7,,
champion_v1_0|2026-10-07|aluminium|CENX,2026-10-07,2026-W41,champion_v1_0,champion_v1_0|2026-W41|2026-10-07 06:30:18,aluminium,CENX,instrument,2026-10-07 06:30:18,2026-10-07 06:30:18,,,,,,,,,aapen,,,,,,,false,,aapen,,,,,,,,,,,,,,,,,,,,,,,,,false,,,index 2026-10-07 06:26:50,false,2026-10-06,,2026-10-07,Century Aluminum,Nasdaq,USD,aksje,37.18,2026-10-06,1.0,0.0,3283.0,2.99,0.44,0.41,false,true,true,false,C stengt,stengt,7.8,2018,17,44.8,-43.6,,
champion_v1_0|2026-10-07|sink|-,2026-10-07,2026-W41,champion_v1_0,champion_v1_0|2026-W41|2026-10-07 06:30:18,sink,,segment,2026-10-07 06:30:18,2026-10-07 06:30:18,12.9,12.9,16.7,,,,,,aapen,2,2,6.3,6.0,,false,false,,aapen,,false,0,bekreftet,32.9,24.6,14.4,true,,,,,,,,,,,2026-09,4021.0,4021.0,,2026-10-01 10:39:10,2026-10-07 06:23:54,false,,B;S,index 2026-10-07 06:26:50,false,2026-09,,2026-10-07,,,,,,,,,,,,,,,,,,,,,,,,,
champion_v1_0|2026-10-07|sink|GLEN.L,2026-10-07,2026-W41,champion_v1_0,champion_v1_0|2026-W41|2026-10-07 06:30:18,sink,GLEN.L,instrument,2026-10-07 06:30:18,2026-10-07 06:30:18,,,,,,,,,aapen,,,,,,,false,,aapen,,,,,,,,,,,,,,,,,,,,,,,,,false,,,index 2026-10-07 06:26:50,false,2026-10-05,,2026-10-07,Glencore,London,GBp,aksje,569.3,2026-10-05,0.013243,0.0,4021.0,1.62,0.42,0.38,false,true,true,true,,aapen,,2020,12,6.0,-3.7,,
champion_v1_0|2026-10-07|sink|BOL.ST,2026-10-07,2026-W41,champion_v1_0,champion_v1_0|2026-W41|2026-10-07 06:30:18,sink,BOL.ST,instrument,2026-10-07 06:30:18,2026-10-07 06:30:18,,,,,,,,,aapen,,,,,,,false,,aapen,,,,,,,,,,,,,,,,,,,,,,,,,false,,C_status,index 2026-10-07 06:26:50,false,2026-10-05,,2026-10-07,Boliden,Stockholm,SEK,aksje,524.0,2026-10-05,0.0997,0.0,4021.0,1.49,0.39,0.36,false,true,true,true,,,,,,26.9,-24.9,,
champion_v1_0|2026-10-07|sink|HBM.TO,2026-10-07,2026-W41,champion_v1_0,champion_v1_0|2026-W41|2026-10-07 06:30:18,sink,HBM.TO,instrument,2026-10-07 06:30:18,2026-10-07 06:30:18,,,,,,,,,aapen,,,,,,,false,,aapen,,,,,,,,,,,,,,,,,,,,,,,,,false,,,index 2026-10-07 06:26:50,false,2026-10-06,,2026-10-07,Hudbay Minerals,Toronto,CAD,aksje,38.38,2026-10-06,0.703,0.0,4021.0,1.65,0.39,0.33,false,true,true,true,,aapen,,2020,10,4.7,-4.7,,
champion_v1_0|2026-10-07|bly|-,2026-10-07,2026-W41,champion_v1_0,champion_v1_0|2026-W41|2026-10-07 06:30:18,bly,,segment,2026-10-07 06:30:18,2026-10-07 06:30:18,64.4,61.8,97.5,,,,,,aapen,1,1,8.7,9.6,,false,false,,aapen,,false,0,nei,-7.1,-1.7,-3.4,false,,,,,,,,,,,2026-09,1873.0,1873.0,,2026-10-01 10:39:10,2026-10-07 06:23:54,false,,B;S,index 2026-10-07 06:26:50,false,2026-09,,2026-10-07,,,,,,,,,,,,,,,,,,,,,,,,,
champion_v1_0|2026-10-07|bly|EXV6.DE,2026-10-07,2026-W41,champion_v1_0,champion_v1_0|2026-W41|2026-10-07 06:30:18,bly,EXV6.DE,instrument,2026-10-07 06:30:18,2026-10-07 06:30:18,,,,,,,,,aapen,,,,,,,false,,aapen,,,,,,,,,,,,,,,,,,,,,,,,,false,,C_status,index 2026-10-07 06:26:50,false,2026-10-05,,2026-10-07,iShares STOXX Europe 600 Basic Resources UCITS,Xetra,EUR,ETF,83.97,2026-10-05,1.1226,0.0,1873.0,1.19,0.41,0.3,false,true,true,true,,,,,,1.6,-4.4,,
champion_v1_0|2026-10-07|bly|BOL.ST,2026-10-07,2026-W41,champion_v1_0,champion_v1_0|2026-W41|2026-10-07 06:30:18,bly,BOL.ST,instrument,2026-10-07 06:30:18,2026-10-07 06:30:18,,,,,,,,,aapen,,,,,,,false,,aapen,,,,,,,,,,,,,,,,,,,,,,,,,false,,C_status,index 2026-10-07 06:26:50,false,2026-10-05,,2026-10-07,Boliden,Stockholm,SEK,aksje,524.0,2026-10-05,0.0997,0.0,1873.0,1.16,0.38,0.27,false,true,true,true,,,,,,26.9,-24.9,,
champion_v1_0|2026-10-07|bly|NEXA,2026-10-07,2026-W41,champion_v1_0,champion_v1_0|2026-W41|2026-10-07 06:30:18,bly,NEXA,instrument,2026-10-07 06:30:18,2026-10-07 06:30:18,,,,,,,,,aapen,,,,,,,false,,aapen,,,,,,,,,,,,,,,,,,,,,,,,,false,,,index 2026-10-07 06:26:50,false,2026-10-06,,2026-10-07,Nexa Resources,NYSE,USD,aksje,12.45,2026-10-06,1.0,0.0,1873.0,2.06,0.35,0.26,false,true,true,true,,aapen,,2019,11,9.6,-18.8,,
champion_v1_0|2026-10-07|tinn|-,2026-10-07,2026-W41,champion_v1_0,champion_v1_0|2026-W41|2026-10-07 06:30:18,tinn,,segment,2026-10-07 06:30:18,2026-10-07 06:30:18,7.5,0.1,0.8,,,,,,aapen,1,1,6.3,6.0,,false,false,,aapen,,false,0,bekreftet,51.0,11.9,5.4,true,,,,,,,,,,,2026-09,53712.0,53712.0,,2026-10-01 10:39:10,2026-10-07 06:23:54,false,,B;S,index 2026-10-07 06:26:50,false,2026-09,,2026-10-07,,,,,,,,,,,,,,,,,,,,,,,,,
champion_v1_0|2026-10-07|tinn|GLEN.L,2026-10-07,2026-W41,champion_v1_0,champion_v1_0|2026-W41|2026-10-07 06:30:18,tinn,GLEN.L,instrument,2026-10-07 06:30:18,2026-10-07 06:30:18,,,,,,,,,aapen,,,,,,,false,,aapen,,,,,,,,,,,,,,,,,,,,,,,,,false,,,index 2026-10-07 06:26:50,false,2026-10-05,,2026-10-07,Glencore,London,GBp,aksje,569.3,2026-10-05,0.013243,0.0,53712.0,0.98,0.44,0.3,false,true,true,true,,aapen,,2020,12,6.0,-3.7,,
champion_v1_0|2026-10-07|jernmalm|-,2026-10-07,2026-W41,champion_v1_0,champion_v1_0|2026-W41|2026-10-07 06:30:18,jernmalm,,segment,2026-10-07 06:30:18,2026-10-07 06:30:18,79.1,61.2,82.5,,0.0,50.0,0.0,,aapen,3,3,42.3,36.5,,false,false,,aapen,,false,0,nei,-8.3,-7.8,-5.4,false,,,,,,,,,,,2026-09,97.7,97.7,2025,2026-10-01 10:39:10,2026-10-07 06:23:54,false,,S,index 2026-10-07 06:26:50,false,2026-09,,2026-10-07,,,,,,,,,,,,,,,,,,,,,,,,,
champion_v1_0|2026-10-07|jernmalm|LIF.TO,2026-10-07,2026-W41,champion_v1_0,champion_v1_0|2026-W41|2026-10-07 06:30:18,jernmalm,LIF.TO,instrument,2026-10-07 06:30:18,2026-10-07 06:30:18,,,,,,,,,aapen,,,,,,,false,,aapen,,,,,,,,,,,,,,,,,,,,,,,,,false,,,index 2026-10-07 06:26:50,false,2026-10-06,,2026-10-07,Labrador Iron Ore Royalty,Toronto,CAD,aksje,23.33,2026-10-06,0.703,0.0,97.7,0.92,0.51,0.42,false,true,true,true,,aapen,,2009,21,36.5,-28.5,,
champion_v1_0|2026-10-07|jernmalm|VALE,2026-10-07,2026-W41,champion_v1_0,champion_v1_0|2026-W41|2026-10-07 06:30:18,jernmalm,VALE,instrument,2026-10-07 06:30:18,2026-10-07 06:30:18,,,,,,,,,aapen,,,,,,,false,,aapen,,,,,,,,,,,,,,,,,,,,,,,,,false,,,index 2026-10-07 06:26:50,false,2026-10-06,,2026-10-07,Vale,NYSE,USD,aksje,14.08,2026-10-06,1.0,0.0,97.7,0.95,0.42,0.34,false,true,true,true,,aapen,,2015,19,10.5,-15.7,,
champion_v1_0|2026-10-07|jernmalm|CIA.TO,2026-10-07,2026-W41,champion_v1_0,champion_v1_0|2026-W41|2026-10-07 06:30:18,jernmalm,CIA.TO,instrument,2026-10-07 06:30:18,2026-10-07 06:30:18,,,,,,,,,aapen,,,,,,,false,,aapen,,,,,,,,,,,,,,,,,,,,,,,,,false,,,index 2026-10-07 06:26:50,false,2026-10-06,,2026-10-07,Champion Iron,Toronto,CAD,aksje,3.0,2026-10-06,0.703,0.0,97.7,1.35,0.41,0.34,false,true,true,true,,aapen,,2019,8,49.6,-57.1,,
champion_v1_0|2026-10-07|kull|-,2026-10-07,2026-W41,champion_v1_0,champion_v1_0|2026-W41|2026-10-07 06:30:18,kull,,segment,2026-10-07 06:30:18,2026-10-07 06:30:18,22.4,65.7,32.5,,48.6,38.9,48.6,,aapen,3,3,6.0,6.0,,false,false,,aapen,,false,0,bekreftet,34.2,4.6,12.4,true,,,,,,,,,,,2026-09,147.1,147.1,2025,2026-10-01 10:39:10,2026-10-07 06:23:54,false,,S,index 2026-10-07 06:26:50,false,2026-09,,2026-10-07,,,,,,,,,,,,,,,,,,,,,,,,,
champion_v1_0|2026-10-07|kull|BTU,2026-10-07,2026-W41,champion_v1_0,champion_v1_0|2026-W41|2026-10-07 06:30:18,kull,BTU,instrument,2026-10-07 06:30:18,2026-10-07 06:30:18,,,,,,,,,aapen,,,,,,,false,,aapen,,,,,,,,,,,,,,,,,,,,,,,,,false,,,index 2026-10-07 06:26:50,false,2026-10-06,,2026-10-07,Peabody Energy,NYSE,USD,aksje,25.43,2026-10-06,1.0,0.0,147.1,1.1,0.28,0.3,false,true,true,true,,aapen,43.6,2016,18,13.2,-27.3,,
champion_v1_0|2026-10-07|kull|GLEN.L,2026-10-07,2026-W41,champion_v1_0,champion_v1_0|2026-W41|2026-10-07 06:30:18,kull,GLEN.L,instrument,2026-10-07 06:30:18,2026-10-07 06:30:18,,,,,,,,,aapen,,,,,,,false,,aapen,,,,,,,,,,,,,,,,,,,,,,,,,false,,,index 2026-10-07 06:26:50,false,2026-10-05,,2026-10-07,Glencore,London,GBp,aksje,569.3,2026-10-05,0.013243,0.0,147.1,0.58,0.26,0.29,false,true,true,true,,aapen,,2020,12,6.0,-3.7,,
champion_v1_0|2026-10-07|kull|ARLP,2026-10-07,2026-W41,champion_v1_0,champion_v1_0|2026-W41|2026-10-07 06:30:18,kull,ARLP,instrument,2026-10-07 06:30:18,2026-10-07 06:30:18,,,,,,,,,aapen,,,,,,,false,,aapen,,,,,,,,,,,,,,,,,,,,,,,,,false,,,index 2026-10-07 06:26:50,false,2026-10-06,,2026-10-07,Alliance Resource Partners,Nasdaq,USD,aksje,24.67,2026-10-06,1.0,0.0,147.1,0.58,0.24,0.23,false,true,true,true,,aapen,,2008,18,4.6,-6.9,,
champion_v1_0|2026-10-07|ttf|-,2026-10-07,2026-W41,champion_v1_0,champion_v1_0|2026-W41|2026-10-07 06:30:18,ttf,,segment,2026-10-07 06:30:18,2026-10-07 06:30:18,5.0,8.1,13.3,,,,,,aapen,3,3,1.3,1.9,,false,false,,aapen,,false,0,bekreftet,121.7,39.9,55.8,true,,,,,,,,,,,2026-09,25.42,25.42,,2026-10-01 10:39:10,2026-10-07 06:23:54,false,,B;S,index 2026-10-07 06:26:50,false,2026-09,,2026-10-07,,,,,,,,,,,,,,,,,,,,,,,,,
champion_v1_0|2026-10-07|ttf|EQNR.OL,2026-10-07,2026-W41,champion_v1_0,champion_v1_0|2026-W41|2026-10-07 06:30:18,ttf,EQNR.OL,instrument,2026-10-07 06:30:18,2026-10-07 06:30:18,,,,,,,,,aapen,,,,,,,false,,aapen,,,,,,,,,,,,,,,,,,,,,,,,,false,,,index 2026-10-07 06:26:50,false,2026-10-05,,2026-10-07,Equinor,Oslo,NOK,aksje,404.0,2026-10-05,0.1045,0.0,25.42,0.28,0.4,0.33,false,true,true,true,,aapen,,2016,11,0.2,-0.5,,
champion_v1_0|2026-10-07|ttf|AI.PA,2026-10-07,2026-W41,champion_v1_0,champion_v1_0|2026-W41|2026-10-07 06:30:18,ttf,AI.PA,instrument,2026-10-07 06:30:18,2026-10-07 06:30:18,,,,,,,,,aapen,,,,,,,false,,aapen,,,,,,,,,,,,,,,,,,,,,,,,,false,,,index 2026-10-07 06:26:50,false,2026-10-05,,2026-10-07,Air Liquide,Paris,EUR,aksje,170.76,2026-10-05,1.1226,0.0,25.42,,-0.21,-0.19,true,true,true,false,omvendt eksponering,aapen,,2005,21,1.9,-2.4,,
champion_v1_0|2026-10-07|ttf|HEI.DE,2026-10-07,2026-W41,champion_v1_0,champion_v1_0|2026-W41|2026-10-07 06:30:18,ttf,HEI.DE,instrument,2026-10-07 06:30:18,2026-10-07 06:30:18,,,,,,,,,aapen,,,,,,,false,,aapen,,,,,,,,,,,,,,,,,,,,,,,,,false,,,index 2026-10-07 06:26:50,false,2026-10-05,,2026-10-07,Heidelberg Materials,Xetra,EUR,aksje,145.7,2026-10-05,1.1226,0.0,25.42,,-0.2,-0.21,true,true,true,false,omvendt eksponering,aapen,,2005,21,53.2,-35.2,,
champion_v1_0|2026-10-07|kakao|-,2026-10-07,2026-W41,champion_v1_0,champion_v1_0|2026-W41|2026-10-07 06:30:18,kakao,,segment,2026-10-07 06:30:18,2026-10-07 06:30:18,18.4,7.0,19.2,,,,,,aapen,1,1,49.0,49.0,,false,false,,aapen,,false,0,begynnende,-18.3,80.1,24.5,true,4.5,-8.71,94.9,2026-09-29,2.37,2.05,Contango,2026-10-06,,,2026-09,5.92,5.92,,2026-10-01 10:39:10,2026-10-07 06:23:54,false,,B;S,index 2026-10-07 06:26:50,false,2026-09,,2026-10-07,,,,,,,,,,,,,,,,,,,,,,,,,
champion_v1_0|2026-10-07|kakao|HSY,2026-10-07,2026-W41,champion_v1_0,champion_v1_0|2026-W41|2026-10-07 06:30:18,kakao,HSY,instrument,2026-10-07 06:30:18,2026-10-07 06:30:18,,,,,,,,,aapen,,,,,,,false,,aapen,,,,,,,,,,,,,,,,,,,,,,,,,false,,,index 2026-10-07 06:26:50,false,2026-10-06,,2026-10-07,Hershey,NYSE,USD,aksje,160.8,2026-10-06,1.0,0.0,5.92,,-0.23,-0.23,true,true,true,false,omvendt eksponering,aapen,,2008,19,45.9,-31.9,,
champion_v1_0|2026-10-07|kakao|BARN.SW,2026-10-07,2026-W41,champion_v1_0,champion_v1_0|2026-W41|2026-10-07 06:30:18,kakao,BARN.SW,instrument,2026-10-07 06:30:18,2026-10-07 06:30:18,,,,,,,,,aapen,,,,,,,false,,aapen,,,,,,,,,,,,,,,,,,,,,,,,,false,,C_status,index 2026-10-07 06:26:50,false,2026-10-05,,2026-10-07,Barry Callebaut,Zurich,CHF,aksje,1043.0,2026-10-05,1.2002,0.0,5.92,,-0.19,-0.23,true,true,true,false,omvendt eksponering,,,,,97.9,-49.6,,
champion_v1_0|2026-10-07|kakao|NESN.SW,2026-10-07,2026-W41,champion_v1_0,champion_v1_0|2026-W41|2026-10-07 06:30:18,kakao,NESN.SW,instrument,2026-10-07 06:30:18,2026-10-07 06:30:18,,,,,,,,,aapen,,,,,,,false,,aapen,,,,,,,,,,,,,,,,,,,,,,,,,false,,C_status,index 2026-10-07 06:26:50,false,2026-10-05,,2026-10-07,Nestlé,Zurich,CHF,aksje,74.48,2026-10-05,1.2002,0.0,5.92,,-0.18,-0.24,true,true,true,false,omvendt eksponering,,,,,49.0,-31.8,,
champion_v1_0|2026-10-07|palmeolje|-,2026-10-07,2026-W41,champion_v1_0,champion_v1_0|2026-W41|2026-10-07 06:30:18,palmeolje,,segment,2026-10-07 06:30:18,2026-10-07 06:30:18,56.7,14.0,20.8,,,,,,aapen,1,2,3.1,3.1,,false,false,,aapen,,false,0,bekreftet,10.3,-0.3,4.6,true,3.2,-9.88,11.5,2026-09-29,,,,,,,2026-09,1180.0,1180.0,,2026-10-01 10:39:10,2026-10-07 06:23:54,false,,B;S,index 2026-10-07 06:26:50,false,2026-09,,2026-10-07,,,,,,,,,,,,,,,,,,,,,,,,,
champion_v1_0|2026-10-07|palmeolje|MPE.L,2026-10-07,2026-W41,champion_v1_0,champion_v1_0|2026-W41|2026-10-07 06:30:18,palmeolje,MPE.L,instrument,2026-10-07 06:30:18,2026-10-07 06:30:18,,,,,,,,,aapen,,,,,,,false,,aapen,,,,,,,,,,,,,,,,,,,,,,,,,false,,,index 2026-10-07 06:26:50,false,2026-10-05,,2026-10-07,M.P. Evans Group,London,GBp,aksje,2050.0,2026-10-05,0.013243,0.0,1180.0,0.63,0.35,0.32,false,true,true,true,,aapen,,2006,20,1.1,-2.6,,
champion_v1_0|2026-10-07|palmeolje|RE.L,2026-10-07,2026-W41,champion_v1_0,champion_v1_0|2026-W41|2026-10-07 06:30:18,palmeolje,RE.L,instrument,2026-10-07 06:30:18,2026-10-07 06:30:18,,,,,,,,,aapen,,,,,,,false,,aapen,,,,,,,,,,,,,,,,,,,,,,,,,false,,,index 2026-10-07 06:26:50,false,2026-10-05,,2026-10-07,REA Holdings,London,GBp,aksje,108.5,2026-10-05,0.013243,0.0,1180.0,0.95,0.31,0.28,false,true,true,false,C stengt,stengt,2.9,2018,20,87.4,-84.7,,
champion_v1_0|2026-10-07|palmeolje|ISAG.L,2026-10-07,2026-W41,champion_v1_0,champion_v1_0|2026-W41|2026-10-07 06:30:18,palmeolje,ISAG.L,instrument,2026-10-07 06:30:18,2026-10-07 06:30:18,,,,,,,,,aapen,,,,,,,false,,aapen,,,,,,,,,,,,,,,,,,,,,,,,,false,,C_status,index 2026-10-07 06:26:50,false,2026-10-05,,2026-10-07,iShares Agribusiness UCITS,London,USD,ETF,55.69,2026-10-05,1.0,0.0,1180.0,0.26,0.31,0.23,false,true,true,true,,,,,,3.1,-4.5,,
champion_v1_0|2026-10-07|ship_vlcc|-,2026-10-07,2026-W41,champion_v1_0,champion_v1_0|2026-W41|2026-10-07 06:30:18,ship_vlcc,,segment,2026-10-07 06:30:18,2026-10-07 06:30:18,,,,1.253,,,,,aapen,2,2,0.0,0.0,,false,false,,aapen,,true,0,bekreftet,36.8,18.4,17.8,true,,,,,,,,,,,2026-09,162.2,162.2,,2026-10-01 10:39:10,2026-10-07 06:23:54,false,,A_raw;A_detrended;B;S,index 2026-10-07 06:26:50,false,2026-09,,2026-10-07,,,,,,,,,,,,,,,,,,,,,,,,,
champion_v1_0|2026-10-07|ship_vlcc|FRO.OL,2026-10-07,2026-W41,champion_v1_0,champion_v1_0|2026-W41|2026-10-07 06:30:18,ship_vlcc,FRO.OL,instrument,2026-10-07 06:30:18,2026-10-07 06:30:18,,,,,,,,,aapen,,,,,,,false,,aapen,,,,,,,,,,,,,,,,,,,,,,,,,false,,instrument_price,index 2026-10-07 06:26:50,false,,,2026-10-07,Frontline,Oslo,,aksje,,,,,162.2,,,,false,true,true,true,,aapen,,2013,18,0.0,0.0,,
champion_v1_0|2026-10-07|ship_vlcc|OET.OL,2026-10-07,2026-W41,champion_v1_0,champion_v1_0|2026-W41|2026-10-07 06:30:18,ship_vlcc,OET.OL,instrument,2026-10-07 06:30:18,2026-10-07 06:30:18,,,,,,,,,aapen,,,,,,,false,,aapen,,,,,,,,,,,,,,,,,,,,,,,,,false,,instrument_price;C_status,index 2026-10-07 06:26:50,false,,,2026-10-07,Okeanis Eco Tankers,Oslo,,aksje,,,,,162.2,,,,false,true,true,true,,,,,,0.0,0.0,,
champion_v1_0|2026-10-07|ship_vlcc|DHT,2026-10-07,2026-W41,champion_v1_0,champion_v1_0|2026-W41|2026-10-07 06:30:18,ship_vlcc,DHT,instrument,2026-10-07 06:30:18,2026-10-07 06:30:18,,,,,,,,,aapen,,,,,,,false,,aapen,,,,,,,,,,,,,,,,,,,,,,,,,false,,instrument_price,index 2026-10-07 06:26:50,false,,,2026-10-07,DHT Holdings,NYSE,,aksje,,,,,162.2,,,,false,true,true,true,,aapen,,2018,9,0.0,0.0,,
champion_v1_0|2026-10-07|ship_suezmax|-,2026-10-07,2026-W41,champion_v1_0,champion_v1_0|2026-W41|2026-10-07 06:30:18,ship_suezmax,,segment,2026-10-07 06:30:18,2026-10-07 06:30:18,,,,1.249,,,,,aapen,1,2,0.0,0.0,,false,false,,aapen,,true,0,bekreftet,35.2,19.0,14.8,true,,,,,,,,,,,2026-09,107.4,107.4,,2026-10-01 10:39:10,2026-10-07 06:23:54,false,,A_raw;A_detrended;B;S,index 2026-10-07 06:26:50,false,2026-09,,2026-10-07,,,,,,,,,,,,,,,,,,,,,,,,,
champion_v1_0|2026-10-07|ship_suezmax|FRO.OL,2026-10-07,2026-W41,champion_v1_0,champion_v1_0|2026-W41|2026-10-07 06:30:18,ship_suezmax,FRO.OL,instrument,2026-10-07 06:30:18,2026-10-07 06:30:18,,,,,,,,,aapen,,,,,,,false,,aapen,,,,,,,,,,,,,,,,,,,,,,,,,false,,instrument_price,index 2026-10-07 06:26:50,false,,,2026-10-07,Frontline,Oslo,,aksje,,,,,107.4,,,,false,true,true,true,,aapen,,2013,18,0.0,0.0,,
champion_v1_0|2026-10-07|ship_suezmax|OET.OL,2026-10-07,2026-W41,champion_v1_0,champion_v1_0|2026-W41|2026-10-07 06:30:18,ship_suezmax,OET.OL,instrument,2026-10-07 06:30:18,2026-10-07 06:30:18,,,,,,,,,aapen,,,,,,,false,,aapen,,,,,,,,,,,,,,,,,,,,,,,,,false,,instrument_price;C_status,index 2026-10-07 06:26:50,false,,,2026-10-07,Okeanis Eco Tankers,Oslo,,aksje,,,,,107.4,,,,false,true,true,true,,,,,,0.0,0.0,,
champion_v1_0|2026-10-07|ship_suezmax|NAT,2026-10-07,2026-W41,champion_v1_0,champion_v1_0|2026-W41|2026-10-07 06:30:18,ship_suezmax,NAT,instrument,2026-10-07 06:30:18,2026-10-07 06:30:18,,,,,,,,,aapen,,,,,,,false,,aapen,,,,,,,,,,,,,,,,,,,,,,,,,false,,instrument_price,index 2026-10-07 06:26:50,false,,,2026-10-07,Nordic American Tankers,NYSE,,aksje,,,,,107.4,,,,false,true,true,false,C stengt,stengt,3.9,2013,17,0.0,0.0,,
champion_v1_0|2026-10-07|ship_aframax|-,2026-10-07,2026-W41,champion_v1_0,champion_v1_0|2026-W41|2026-10-07 06:30:18,ship_aframax,,segment,2026-10-07 06:30:18,2026-10-07 06:30:18,,,,1.128,,,,,aapen,2,2,0.0,0.0,,false,false,,aapen,,true,0,bekreftet,28.5,11.8,9.0,true,,,,,,,,,,,2026-09,82.8,82.8,,2026-10-01 10:39:10,2026-10-07 06:23:54,false,,A_raw;A_detrended;B;S,index 2026-10-07 06:26:50,false,2026-09,,2026-10-07,,,,,,,,,,,,,,,,,,,,,,,,,
champion_v1_0|2026-10-07|ship_aframax|HAFNI.OL,2026-10-07,2026-W41,champion_v1_0,champion_v1_0|2026-W41|2026-10-07 06:30:18,ship_aframax,HAFNI.OL,instrument,2026-10-07 06:30:18,2026-10-07 06:30:18,,,,,,,,,aapen,,,,,,,false,,aapen,,,,,,,,,,,,,,,,,,,,,,,,,false,,instrument_price;C_status,index 2026-10-07 06:26:50,false,,,2026-10-07,Hafnia,Oslo,,aksje,,,,,82.8,,,,false,true,true,true,,,,,,0.0,0.0,,
champion_v1_0|2026-10-07|ship_aframax|TRMD-A.CO,2026-10-07,2026-W41,champion_v1_0,champion_v1_0|2026-W41|2026-10-07 06:30:18,ship_aframax,TRMD-A.CO,instrument,2026-10-07 06:30:18,2026-10-07 06:30:18,,,,,,,,,aapen,,,,,,,false,,aapen,,,,,,,,,,,,,,,,,,,,,,,,,false,,instrument_price,index 2026-10-07 06:26:50,false,,,2026-10-07,TORM,København,,aksje,,,,,82.8,,,,false,true,true,true,,aapen,,2021,11,0.0,0.0,,
champion_v1_0|2026-10-07|ship_aframax|TNK,2026-10-07,2026-W41,champion_v1_0,champion_v1_0|2026-W41|2026-10-07 06:30:18,ship_aframax,TNK,instrument,2026-10-07 06:30:18,2026-10-07 06:30:18,,,,,,,,,aapen,,,,,,,false,,aapen,,,,,,,,,,,,,,,,,,,,,,,,,false,,instrument_price,index 2026-10-07 06:26:50,false,,,2026-10-07,Teekay Tankers,NYSE,,aksje,,,,,82.8,,,,false,true,true,true,,aapen,31.0,2021,17,0.0,0.0,,
champion_v1_0|2026-10-07|ship_kamsarmax|-,2026-10-07,2026-W41,champion_v1_0,champion_v1_0|2026-W41|2026-10-07 06:30:18,ship_kamsarmax,,segment,2026-10-07 06:30:18,2026-10-07 06:30:18,,,,1.073,,,,,aapen,2,3,11.6,1.7,,false,false,,aapen,,true,0,bekreftet,23.6,9.2,10.7,true,,,,,,,,,,,2026-09,41.0,41.0,,2026-10-01 10:39:10,2026-10-07 06:23:54,false,,A_raw;A_detrended;B;S,index 2026-10-07 06:26:50,false,2026-09,,2026-10-07,,,,,,,,,,,,,,,,,,,,,,,,,
champion_v1_0|2026-10-07|ship_kamsarmax|SBLK,2026-10-07,2026-W41,champion_v1_0,champion_v1_0|2026-W41|2026-10-07 06:30:18,ship_kamsarmax,SBLK,instrument,2026-10-07 06:30:18,2026-10-07 06:30:18,,,,,,,,,aapen,,,,,,,false,,aapen,,,,,,,,,,,,,,,,,,,,,,,,,false,,instrument_price,index 2026-10-07 06:26:50,false,,,2026-10-07,Star Bulk Carriers,Nasdaq,,aksje,,,,,41.0,,,,false,true,true,true,,aapen,58.4,2016,16,4.2,-3.3,,
champion_v1_0|2026-10-07|ship_kamsarmax|GNK,2026-10-07,2026-W41,champion_v1_0,champion_v1_0|2026-W41|2026-10-07 06:30:18,ship_kamsarmax,GNK,instrument,2026-10-07 06:30:18,2026-10-07 06:30:18,,,,,,,,,aapen,,,,,,,false,,aapen,,,,,,,,,,,,,,,,,,,,,,,,,false,,instrument_price,index 2026-10-07 06:26:50,false,,,2026-10-07,Genco Shipping,NYSE,,aksje,,,,,41.0,,,,false,true,true,false,C stengt,stengt,4.0,2015,17,0.0,0.0,,
champion_v1_0|2026-10-07|ship_kamsarmax|PANL,2026-10-07,2026-W41,champion_v1_0,champion_v1_0|2026-W41|2026-10-07 06:30:18,ship_kamsarmax,PANL,instrument,2026-10-07 06:30:18,2026-10-07 06:30:18,,,,,,,,,aapen,,,,,,,false,,aapen,,,,,,,,,,,,,,,,,,,,,,,,,false,,instrument_price,index 2026-10-07 06:26:50,false,,,2026-10-07,Pangaea Logistics,Nasdaq,,aksje,,,,,41.0,,,,false,true,true,true,,aapen,,2016,13,1.7,-8.3,,
champion_v1_0|2026-10-07|ship_ultramax|-,2026-10-07,2026-W41,champion_v1_0,champion_v1_0|2026-W41|2026-10-07 06:30:18,ship_ultramax,,segment,2026-10-07 06:30:18,2026-10-07 06:30:18,,,,1.087,,,,,aapen,2,3,11.6,1.7,,false,false,,aapen,,true,0,bekreftet,19.4,6.2,6.4,true,,,,,,,,,,,2026-09,38.8,38.8,,2026-10-01 10:39:10,2026-10-07 06:23:54,false,,A_raw;A_detrended;B;S,index 2026-10-07 06:26:50,false,2026-09,,2026-10-07,,,,,,,,,,,,,,,,,,,,,,,,,
champion_v1_0|2026-10-07|ship_ultramax|SBLK,2026-10-07,2026-W41,champion_v1_0,champion_v1_0|2026-W41|2026-10-07 06:30:18,ship_ultramax,SBLK,instrument,2026-10-07 06:30:18,2026-10-07 06:30:18,,,,,,,,,aapen,,,,,,,false,,aapen,,,,,,,,,,,,,,,,,,,,,,,,,false,,instrument_price,index 2026-10-07 06:26:50,false,,,2026-10-07,Star Bulk Carriers,Nasdaq,,aksje,,,,,38.8,,,,false,true,true,true,,aapen,58.4,2016,16,4.2,-3.3,,
champion_v1_0|2026-10-07|ship_ultramax|GNK,2026-10-07,2026-W41,champion_v1_0,champion_v1_0|2026-W41|2026-10-07 06:30:18,ship_ultramax,GNK,instrument,2026-10-07 06:30:18,2026-10-07 06:30:18,,,,,,,,,aapen,,,,,,,false,,aapen,,,,,,,,,,,,,,,,,,,,,,,,,false,,instrument_price,index 2026-10-07 06:26:50,false,,,2026-10-07,Genco Shipping,NYSE,,aksje,,,,,38.8,,,,false,true,true,false,C stengt,stengt,4.0,2015,17,0.0,0.0,,
champion_v1_0|2026-10-07|ship_ultramax|PANL,2026-10-07,2026-W41,champion_v1_0,champion_v1_0|2026-W41|2026-10-07 06:30:18,ship_ultramax,PANL,instrument,2026-10-07 06:30:18,2026-10-07 06:30:18,,,,,,,,,aapen,,,,,,,false,,aapen,,,,,,,,,,,,,,,,,,,,,,,,,false,,instrument_price,index 2026-10-07 06:26:50,false,,,2026-10-07,Pangaea Logistics,Nasdaq,,aksje,,,,,38.8,,,,false,true,true,true,,aapen,,2016,13,1.7,-8.3,,
champion_v1_0|2026-10-07|ship_capesize|-,2026-10-07,2026-W41,champion_v1_0,champion_v1_0|2026-W41|2026-10-07 06:30:18,ship_capesize,,segment,2026-10-07 06:30:18,2026-10-07 06:30:18,,,,,,,,,aapen,1,1,13.2,4.2,,false,false,,aapen,,true,0,bekreftet,15.4,5.8,4.3,true,,,,,,,,,,,2026-09,73.0,73.0,,2026-10-01 10:39:10,2026-10-07 06:23:54,false,,A_raw;A_detrended;B;S,index 2026-10-07 06:26:50,false,2026-09,,2026-10-07,,,,,,,,,,,,,,,,,,,,,,,,,
champion_v1_0|2026-10-07|ship_capesize|HSHP.OL,2026-10-07,2026-W41,champion_v1_0,champion_v1_0|2026-W41|2026-10-07 06:30:18,ship_capesize,HSHP.OL,instrument,2026-10-07 06:30:18,2026-10-07 06:30:18,,,,,,,,,aapen,,,,,,,false,,aapen,,,,,,,,,,,,,,,,,,,,,,,,,false,,instrument_price;C_status;D_instrument,index 2026-10-07 06:26:50,false,,,2026-10-07,Himalaya Shipping,Oslo,,aksje,,,,,73.0,,,,false,true,true,true,,,,,,,,,
champion_v1_0|2026-10-07|ship_capesize|SBLK,2026-10-07,2026-W41,champion_v1_0,champion_v1_0|2026-W41|2026-10-07 06:30:18,ship_capesize,SBLK,instrument,2026-10-07 06:30:18,2026-10-07 06:30:18,,,,,,,,,aapen,,,,,,,false,,aapen,,,,,,,,,,,,,,,,,,,,,,,,,false,,instrument_price,index 2026-10-07 06:26:50,false,,,2026-10-07,Star Bulk Carriers,Nasdaq,,aksje,,,,,73.0,,,,false,true,true,true,,aapen,58.4,2016,16,4.2,-3.3,,
champion_v1_0|2026-10-07|ship_capesize|CMBT,2026-10-07,2026-W41,champion_v1_0,champion_v1_0|2026-W41|2026-10-07 06:30:18,ship_capesize,CMBT,instrument,2026-10-07 06:30:18,2026-10-07 06:30:18,,,,,,,,,aapen,,,,,,,false,,aapen,,,,,,,,,,,,,,,,,,,,,,,,,false,,instrument_price;C_status;D_instrument,index 2026-10-07 06:26:50,false,,,2026-10-07,CMB.TECH,NYSE,,aksje,,,,,73.0,,,,false,true,true,true,,,,,,,,,
champion_v1_0|2026-10-07|ship_handysize|-,2026-10-07,2026-W41,champion_v1_0,champion_v1_0|2026-W41|2026-10-07 06:30:18,ship_handysize,,segment,2026-10-07 06:30:18,2026-10-07 06:30:18,,,,,,,,,aapen,1,2,11.0,0.8,,false,false,,aapen,,true,0,bekreftet,13.4,11.1,7.1,true,,,,,,,,,,,2026-09,31.0,31.0,,2026-10-01 10:39:10,2026-10-07 06:23:54,false,,A_raw;A_detrended;B;S,index 2026-10-07 06:26:50,false,2026-09,,2026-10-07,,,,,,,,,,,,,,,,,,,,,,,,,
champion_v1_0|2026-10-07|ship_handysize|TMIP.L,2026-10-07,2026-W41,champion_v1_0,champion_v1_0|2026-W41|2026-10-07 06:30:18,ship_handysize,TMIP.L,instrument,2026-10-07 06:30:18,2026-10-07 06:30:18,,,,,,,,,aapen,,,,,,,false,,aapen,,,,,,,,,,,,,,,,,,,,,,,,,false,,instrument_price;C_status;D_instrument,index 2026-10-07 06:26:50,false,,,2026-10-07,Taylor Maritime,London,,aksje,,,,,31.0,,,,false,true,true,true,,,,,,,,,
champion_v1_0|2026-10-07|ship_handysize|GNK,2026-10-07,2026-W41,champion_v1_0,champion_v1_0|2026-W41|2026-10-07 06:30:18,ship_handysize,GNK,instrument,2026-10-07 06:30:18,2026-10-07 06:30:18,,,,,,,,,aapen,,,,,,,false,,aapen,,,,,,,,,,,,,,,,,,,,,,,,,false,,instrument_price,index 2026-10-07 06:26:50,false,,,2026-10-07,Genco Shipping,NYSE,,aksje,,,,,31.0,,,,false,true,true,false,C stengt,stengt,4.0,2015,17,0.0,0.0,,
champion_v1_0|2026-10-07|ship_handysize|PANL,2026-10-07,2026-W41,champion_v1_0,champion_v1_0|2026-W41|2026-10-07 06:30:18,ship_handysize,PANL,instrument,2026-10-07 06:30:18,2026-10-07 06:30:18,,,,,,,,,aapen,,,,,,,false,,aapen,,,,,,,,,,,,,,,,,,,,,,,,,false,,instrument_price,index 2026-10-07 06:26:50,false,,,2026-10-07,Pangaea Logistics,Nasdaq,,aksje,,,,,31.0,,,,false,true,true,true,,aapen,,2016,13,1.7,-8.3,,
champion_v1_0|2026-10-07|_referanse|OSEBX.OL,2026-10-07,2026-W41,champion_v1_0,champion_v1_0|2026-W41|2026-10-07 06:30:18,_referanse,OSEBX.OL,benchmark,2026-10-07 06:30:18,2026-10-07 06:30:18,,,,,,,,,,,,,,,,,,,,,,,,,,,,,,,,,,,,,,,,,,,,,,index 2026-10-07 06:26:50,false,2026-10-06,,2026-10-07,Oslo Boers hovedindeks (OSEBX),Oslo,NOK,indeks,2059.27,2026-10-06,0.1045,,,,,,,,,,,,,,,,,,
champion_v1_0|2026-10-07|_referanse|IWDA.L,2026-10-07,2026-W41,champion_v1_0,champion_v1_0|2026-W41|2026-10-07 06:30:18,_referanse,IWDA.L,benchmark,2026-10-07 06:30:18,2026-10-07 06:30:18,,,,,,,,,,,,,,,,,,,,,,,,,,,,,,,,,,,,,,,,,,,,,,index 2026-10-07 06:26:50,false,2026-10-05,,2026-10-07,"MSCI World (iShares Core MSCI World UCITS, akkumulerende)",London,USD,ETF,147.07,2026-10-05,1.0,,,,,,,,,,,,,,,,,,
